2026-04-15 12:18:42,147:WARNING:
'cuml' is a soft dependency and not included in the pycaret installation. Please run: `pip install cuml` to install.
2026-04-15 12:18:42,147:WARNING:
'cuml' is a soft dependency and not included in the pycaret installation. Please run: `pip install cuml` to install.
2026-04-15 12:18:42,147:WARNING:
'cuml' is a soft dependency and not included in the pycaret installation. Please run: `pip install cuml` to install.
2026-04-15 12:18:42,147:WARNING:
'cuml' is a soft dependency and not included in the pycaret installation. Please run: `pip install cuml` to install.
2026-04-15 12:18:49,236:INFO:PyCaret ClassificationExperiment
2026-04-15 12:18:49,236:INFO:Logging name: clf-default-name
2026-04-15 12:18:49,236:INFO:ML Usecase: MLUsecase.CLASSIFICATION
2026-04-15 12:18:49,236:INFO:version 3.3.2
2026-04-15 12:18:49,236:INFO:Initializing setup()
2026-04-15 12:18:49,236:INFO:self.USI: 360e
2026-04-15 12:18:49,236:INFO:self._variable_keys: {'fold_groups_param', 'logging_param', 'X', 'pipeline', 'y_test', 'idx', 'exp_id', 'fold_generator', 'X_test', 'fix_imbalance', 'n_jobs_param', '_available_plots', 'memory', '_ml_usecase', 'X_train', 'exp_name_log', 'gpu_param', 'is_multiclass', 'html_param', 'USI', 'fold_shuffle_param', 'y_train', 'log_plots_param', 'y', 'target_param', 'gpu_n_jobs_param', 'seed', 'data'}
2026-04-15 12:18:49,236:INFO:Checking environment
2026-04-15 12:18:49,236:INFO:python_version: 3.10.20
2026-04-15 12:18:49,236:INFO:python_build: ('main', 'Mar 11 2026 17:43:48')
2026-04-15 12:18:49,236:INFO:machine: arm64
2026-04-15 12:18:49,260:INFO:platform: macOS-26.3.1-arm64-arm-64bit
2026-04-15 12:18:49,260:INFO:Memory: svmem(total=25769803776, available=9194160128, percent=64.3, used=11956830208, free=67272704, active=9137045504, inactive=9079406592, wired=2819784704)
2026-04-15 12:18:49,260:INFO:Physical Core: 10
2026-04-15 12:18:49,260:INFO:Logical Core: 10
2026-04-15 12:18:49,260:INFO:Checking libraries
2026-04-15 12:18:49,260:INFO:System:
2026-04-15 12:18:49,260:INFO:    python: 3.10.20 (main, Mar 11 2026, 17:43:48) [Clang 20.1.8 ]
2026-04-15 12:18:49,260:INFO:executable: /opt/anaconda3/envs/pycaret_env/bin/python
2026-04-15 12:18:49,260:INFO:   machine: macOS-26.3.1-arm64-arm-64bit
2026-04-15 12:18:49,260:INFO:PyCaret required dependencies:
2026-04-15 12:18:49,261:WARNING:/opt/anaconda3/envs/pycaret_env/lib/python3.10/site-packages/_distutils_hack/__init__.py:30: UserWarning: Setuptools is replacing distutils. Support for replacing an already imported distutils is deprecated. In the future, this condition will fail. Register concerns at https://github.com/pypa/setuptools/issues/new?template=distutils-deprecation.yml
  warnings.warn(

2026-04-15 12:27:14,833:WARNING:
'cuml' is a soft dependency and not included in the pycaret installation. Please run: `pip install cuml` to install.
2026-04-15 12:27:14,834:WARNING:
'cuml' is a soft dependency and not included in the pycaret installation. Please run: `pip install cuml` to install.
2026-04-15 12:27:14,834:WARNING:
'cuml' is a soft dependency and not included in the pycaret installation. Please run: `pip install cuml` to install.
2026-04-15 12:27:14,834:WARNING:
'cuml' is a soft dependency and not included in the pycaret installation. Please run: `pip install cuml` to install.
2026-04-15 12:27:15,325:INFO:PyCaret ClassificationExperiment
2026-04-15 12:27:15,325:INFO:Logging name: clf-default-name
2026-04-15 12:27:15,325:INFO:ML Usecase: MLUsecase.CLASSIFICATION
2026-04-15 12:27:15,325:INFO:version 3.3.2
2026-04-15 12:27:15,325:INFO:Initializing setup()
2026-04-15 12:27:15,325:INFO:self.USI: c777
2026-04-15 12:27:15,325:INFO:self._variable_keys: {'target_param', 'X_train', 'gpu_n_jobs_param', 'y', 'fold_generator', 'USI', '_available_plots', 'n_jobs_param', 'memory', 'X_test', 'fold_groups_param', 'y_test', 'fold_shuffle_param', 'logging_param', 'gpu_param', 'pipeline', 'data', 'exp_id', 'html_param', 'X', 'idx', 'fix_imbalance', 'exp_name_log', 'log_plots_param', 'seed', 'y_train', 'is_multiclass', '_ml_usecase'}
2026-04-15 12:27:15,325:INFO:Checking environment
2026-04-15 12:27:15,325:INFO:python_version: 3.10.20
2026-04-15 12:27:15,325:INFO:python_build: ('main', 'Mar 11 2026 17:43:48')
2026-04-15 12:27:15,325:INFO:machine: arm64
2026-04-15 12:27:15,339:INFO:platform: macOS-26.3.1-arm64-arm-64bit
2026-04-15 12:27:15,339:INFO:Memory: svmem(total=25769803776, available=9333145600, percent=63.8, used=11840454656, free=135380992, active=9198043136, inactive=8968077312, wired=2642411520)
2026-04-15 12:27:15,339:INFO:Physical Core: 10
2026-04-15 12:27:15,339:INFO:Logical Core: 10
2026-04-15 12:27:15,339:INFO:Checking libraries
2026-04-15 12:27:15,339:INFO:System:
2026-04-15 12:27:15,339:INFO:    python: 3.10.20 (main, Mar 11 2026, 17:43:48) [Clang 20.1.8 ]
2026-04-15 12:27:15,339:INFO:executable: /opt/anaconda3/envs/pycaret_env/bin/python
2026-04-15 12:27:15,339:INFO:   machine: macOS-26.3.1-arm64-arm-64bit
2026-04-15 12:27:15,339:INFO:PyCaret required dependencies:
2026-04-15 12:27:15,340:WARNING:/opt/anaconda3/envs/pycaret_env/lib/python3.10/site-packages/_distutils_hack/__init__.py:30: UserWarning: Setuptools is replacing distutils. Support for replacing an already imported distutils is deprecated. In the future, this condition will fail. Register concerns at https://github.com/pypa/setuptools/issues/new?template=distutils-deprecation.yml
  warnings.warn(

2026-04-15 12:27:15,532:INFO:                 pip: 26.0.1
2026-04-15 12:27:15,532:INFO:          setuptools: 82.0.1
2026-04-15 12:27:15,532:INFO:             pycaret: 3.3.2
2026-04-15 12:27:15,532:INFO:             IPython: 8.39.0
2026-04-15 12:27:15,532:INFO:          ipywidgets: 8.1.8
2026-04-15 12:27:15,532:INFO:                tqdm: 4.67.3
2026-04-15 12:27:15,532:INFO:               numpy: 1.26.4
2026-04-15 12:27:15,532:INFO:              pandas: 2.1.4
2026-04-15 12:27:15,532:INFO:              jinja2: 3.1.6
2026-04-15 12:27:15,532:INFO:               scipy: 1.11.4
2026-04-15 12:27:15,532:INFO:              joblib: 1.3.2
2026-04-15 12:27:15,532:INFO:             sklearn: 1.4.2
2026-04-15 12:27:15,532:INFO:                pyod: 3.2.0
2026-04-15 12:27:15,532:INFO:            imblearn: 0.14.1
2026-04-15 12:27:15,532:INFO:   category_encoders: 2.7.0
2026-04-15 12:27:15,533:INFO:            lightgbm: 4.6.0
2026-04-15 12:27:15,533:INFO:               numba: 0.65.0
2026-04-15 12:27:15,533:INFO:            requests: 2.33.1
2026-04-15 12:27:15,533:INFO:          matplotlib: 3.7.5
2026-04-15 12:27:15,533:INFO:          scikitplot: 0.3.7
2026-04-15 12:27:15,533:INFO:         yellowbrick: 1.5
2026-04-15 12:27:15,533:INFO:              plotly: 6.7.0
2026-04-15 12:27:15,533:INFO:    plotly-resampler: Not installed
2026-04-15 12:27:15,533:INFO:             kaleido: 1.2.0
2026-04-15 12:27:15,533:INFO:           schemdraw: 0.15
2026-04-15 12:27:15,533:INFO:         statsmodels: 0.14.6
2026-04-15 12:27:15,533:INFO:              sktime: 0.26.0
2026-04-15 12:27:15,533:INFO:               tbats: 1.1.3
2026-04-15 12:27:15,533:INFO:            pmdarima: 2.0.4
2026-04-15 12:27:15,533:INFO:              psutil: 7.2.2
2026-04-15 12:27:15,533:INFO:          markupsafe: 3.0.3
2026-04-15 12:27:15,533:INFO:             pickle5: Not installed
2026-04-15 12:27:15,533:INFO:         cloudpickle: 3.1.2
2026-04-15 12:27:15,533:INFO:         deprecation: 2.1.0
2026-04-15 12:27:15,533:INFO:              xxhash: 3.6.0
2026-04-15 12:27:15,533:INFO:           wurlitzer: 3.1.1
2026-04-15 12:27:15,533:INFO:PyCaret optional dependencies:
2026-04-15 12:27:16,033:INFO:                shap: Not installed
2026-04-15 12:27:16,033:INFO:           interpret: Not installed
2026-04-15 12:27:16,033:INFO:                umap: Not installed
2026-04-15 12:27:16,033:INFO:     ydata_profiling: Not installed
2026-04-15 12:27:16,033:INFO:  explainerdashboard: Not installed
2026-04-15 12:27:16,033:INFO:             autoviz: Not installed
2026-04-15 12:27:16,033:INFO:           fairlearn: Not installed
2026-04-15 12:27:16,033:INFO:          deepchecks: Not installed
2026-04-15 12:27:16,033:INFO:             xgboost: Not installed
2026-04-15 12:27:16,033:INFO:            catboost: Not installed
2026-04-15 12:27:16,033:INFO:              kmodes: Not installed
2026-04-15 12:27:16,033:INFO:             mlxtend: Not installed
2026-04-15 12:27:16,033:INFO:       statsforecast: Not installed
2026-04-15 12:27:16,033:INFO:        tune_sklearn: Not installed
2026-04-15 12:27:16,033:INFO:                 ray: Not installed
2026-04-15 12:27:16,033:INFO:            hyperopt: Not installed
2026-04-15 12:27:16,033:INFO:              optuna: Not installed
2026-04-15 12:27:16,033:INFO:               skopt: Not installed
2026-04-15 12:27:16,033:INFO:              mlflow: Not installed
2026-04-15 12:27:16,033:INFO:              gradio: Not installed
2026-04-15 12:27:16,033:INFO:             fastapi: 0.135.3
2026-04-15 12:27:16,033:INFO:             uvicorn: 0.44.0
2026-04-15 12:27:16,033:INFO:              m2cgen: Not installed
2026-04-15 12:27:16,034:INFO:           evidently: Not installed
2026-04-15 12:27:16,034:INFO:               fugue: Not installed
2026-04-15 12:27:16,034:INFO:           streamlit: Not installed
2026-04-15 12:27:16,034:INFO:             prophet: Not installed
2026-04-15 12:27:16,034:INFO:None
2026-04-15 12:27:16,034:INFO:Set up data.
2026-04-15 12:27:16,037:INFO:Set up folding strategy.
2026-04-15 12:27:16,037:INFO:Set up train/test split.
2026-04-15 12:27:16,266:INFO:Set up index.
2026-04-15 12:27:16,266:INFO:Assigning column types.
2026-04-15 12:27:16,270:INFO:Engine successfully changes for model 'lr' to 'sklearn'.
2026-04-15 12:27:16,295:INFO:Engine for model 'knn' has not been set explicitly, hence returning None.
2026-04-15 12:27:16,296:INFO:Engine for model 'rbfsvm' has not been set explicitly, hence returning None.
2026-04-15 12:27:16,310:WARNING:
'xgboost' is a soft dependency and not included in the pycaret installation. Please run: `pip install xgboost` to install.
Alternately, you can install this by running `pip install pycaret[models]`
2026-04-15 12:27:16,310:WARNING:
'catboost' is a soft dependency and not included in the pycaret installation. Please run: `pip install catboost` to install.
Alternately, you can install this by running `pip install pycaret[models]`
2026-04-15 12:27:16,325:INFO:Engine for model 'knn' has not been set explicitly, hence returning None.
2026-04-15 12:27:16,325:INFO:Engine for model 'rbfsvm' has not been set explicitly, hence returning None.
2026-04-15 12:27:16,334:WARNING:
'xgboost' is a soft dependency and not included in the pycaret installation. Please run: `pip install xgboost` to install.
Alternately, you can install this by running `pip install pycaret[models]`
2026-04-15 12:27:16,334:WARNING:
'catboost' is a soft dependency and not included in the pycaret installation. Please run: `pip install catboost` to install.
Alternately, you can install this by running `pip install pycaret[models]`
2026-04-15 12:27:16,334:INFO:Engine successfully changes for model 'knn' to 'sklearn'.
2026-04-15 12:27:16,347:INFO:Engine for model 'rbfsvm' has not been set explicitly, hence returning None.
2026-04-15 12:27:16,355:WARNING:
'xgboost' is a soft dependency and not included in the pycaret installation. Please run: `pip install xgboost` to install.
Alternately, you can install this by running `pip install pycaret[models]`
2026-04-15 12:27:16,355:WARNING:
'catboost' is a soft dependency and not included in the pycaret installation. Please run: `pip install catboost` to install.
Alternately, you can install this by running `pip install pycaret[models]`
2026-04-15 12:27:16,367:INFO:Engine for model 'rbfsvm' has not been set explicitly, hence returning None.
2026-04-15 12:27:16,374:WARNING:
'xgboost' is a soft dependency and not included in the pycaret installation. Please run: `pip install xgboost` to install.
Alternately, you can install this by running `pip install pycaret[models]`
2026-04-15 12:27:16,374:WARNING:
'catboost' is a soft dependency and not included in the pycaret installation. Please run: `pip install catboost` to install.
Alternately, you can install this by running `pip install pycaret[models]`
2026-04-15 12:27:16,374:INFO:Engine successfully changes for model 'rbfsvm' to 'sklearn'.
2026-04-15 12:27:16,394:WARNING:
'xgboost' is a soft dependency and not included in the pycaret installation. Please run: `pip install xgboost` to install.
Alternately, you can install this by running `pip install pycaret[models]`
2026-04-15 12:27:16,394:WARNING:
'catboost' is a soft dependency and not included in the pycaret installation. Please run: `pip install catboost` to install.
Alternately, you can install this by running `pip install pycaret[models]`
2026-04-15 12:27:16,413:WARNING:
'xgboost' is a soft dependency and not included in the pycaret installation. Please run: `pip install xgboost` to install.
Alternately, you can install this by running `pip install pycaret[models]`
2026-04-15 12:27:16,413:WARNING:
'catboost' is a soft dependency and not included in the pycaret installation. Please run: `pip install catboost` to install.
Alternately, you can install this by running `pip install pycaret[models]`
2026-04-15 12:27:16,415:INFO:Preparing preprocessing pipeline...
2026-04-15 12:27:16,416:INFO:Set up label encoding.
2026-04-15 12:27:16,416:INFO:Set up simple imputation.
2026-04-15 12:27:16,416:INFO:Set up feature normalization.
2026-04-15 12:27:16,425:INFO:Finished creating preprocessing pipeline.
2026-04-15 12:27:16,427:INFO:Pipeline: Pipeline(memory=FastMemory(location=/var/folders/t9/7lcm_l_d42nc54j6616cw0ww0000gn/T/joblib),
         steps=[('label_encoding',
                 TransformerWrapperWithInverse(exclude=None, include=None,
                                               transformer=LabelEncoder())),
                ('numerical_imputer',
                 TransformerWrapper(exclude=None,
                                    include=['Area', 'Perimeter',
                                             'Major_Axis_Length',
                                             'Minor_Axis_Length',
                                             'Eccentricity', 'Convex_Are...
                ('categorical_imputer',
                 TransformerWrapper(exclude=None, include=[],
                                    transformer=SimpleImputer(add_indicator=False,
                                                              copy=True,
                                                              fill_value=None,
                                                              keep_empty_features=False,
                                                              missing_values=nan,
                                                              strategy='most_frequent'))),
                ('normalize',
                 TransformerWrapper(exclude=None, include=None,
                                    transformer=StandardScaler(copy=True,
                                                               with_mean=True,
                                                               with_std=True)))],
         verbose=False)
2026-04-15 12:27:16,427:INFO:Creating final display dataframe.
2026-04-15 12:27:16,451:INFO:Setup _display_container:                     Description                   Value
0                    Session id                      42
1                        Target                   Class
2                   Target type                  Binary
3                Target mapping  Cammeo: 0, Osmancik: 1
4           Original data shape               (3810, 8)
5        Transformed data shape               (3810, 8)
6   Transformed train set shape               (3048, 8)
7    Transformed test set shape                (762, 8)
8              Numeric features                       7
9                    Preprocess                    True
10              Imputation type                  simple
11           Numeric imputation                    mean
12       Categorical imputation                    mode
13                    Normalize                    True
14             Normalize method                  zscore
15               Fold Generator         StratifiedKFold
16                  Fold Number                      10
17                     CPU Jobs                      -1
18                      Use GPU                   False
19               Log Experiment                   False
20              Experiment Name        clf-default-name
21                          USI                    c777
2026-04-15 12:27:16,473:WARNING:
'xgboost' is a soft dependency and not included in the pycaret installation. Please run: `pip install xgboost` to install.
Alternately, you can install this by running `pip install pycaret[models]`
2026-04-15 12:27:16,473:WARNING:
'catboost' is a soft dependency and not included in the pycaret installation. Please run: `pip install catboost` to install.
Alternately, you can install this by running `pip install pycaret[models]`
2026-04-15 12:27:16,492:WARNING:
'xgboost' is a soft dependency and not included in the pycaret installation. Please run: `pip install xgboost` to install.
Alternately, you can install this by running `pip install pycaret[models]`
2026-04-15 12:27:16,492:WARNING:
'catboost' is a soft dependency and not included in the pycaret installation. Please run: `pip install catboost` to install.
Alternately, you can install this by running `pip install pycaret[models]`
2026-04-15 12:27:16,493:INFO:setup() successfully completed in 1.17s...............
2026-04-15 12:27:16,493:INFO:Initializing compare_models()
2026-04-15 12:27:16,493:INFO:compare_models(self=<pycaret.classification.oop.ClassificationExperiment object at 0x1055cfd90>, include=None, fold=None, round=4, cross_validation=True, sort=Accuracy, n_select=3, budget_time=None, turbo=True, errors=ignore, fit_kwargs=None, groups=None, experiment_custom_tags=None, probability_threshold=None, verbose=True, parallel=None, caller_params={'self': <pycaret.classification.oop.ClassificationExperiment object at 0x1055cfd90>, 'include': None, 'exclude': None, 'fold': None, 'round': 4, 'cross_validation': True, 'sort': 'Accuracy', 'n_select': 3, 'budget_time': None, 'turbo': True, 'errors': 'ignore', 'fit_kwargs': None, 'groups': None, 'experiment_custom_tags': None, 'probability_threshold': None, 'engine': None, 'verbose': True, 'parallel': None, '__class__': <class 'pycaret.classification.oop.ClassificationExperiment'>}, exclude=None)
2026-04-15 12:27:16,493:INFO:Checking exceptions
2026-04-15 12:27:16,494:INFO:Preparing display monitor
2026-04-15 12:27:16,632:INFO:Initializing Logistic Regression
2026-04-15 12:27:16,632:INFO:Total runtime is 1.9510587056477865e-06 minutes
2026-04-15 12:27:16,632:INFO:SubProcess create_model() called ==================================
2026-04-15 12:27:16,632:INFO:Initializing create_model()
2026-04-15 12:27:16,632:INFO:create_model(self=<pycaret.classification.oop.ClassificationExperiment object at 0x1055cfd90>, estimator=lr, fold=StratifiedKFold(n_splits=10, random_state=None, shuffle=False), round=4, cross_validation=True, predict=True, fit_kwargs={}, groups=None, refit=False, probability_threshold=None, experiment_custom_tags=None, verbose=False, system=False, add_to_model_list=True, metrics=None, display=<pycaret.internal.display.display.CommonDisplay object at 0x16b37aad0>, model_only=True, return_train_score=False, error_score=0.0, kwargs={})
2026-04-15 12:27:16,632:INFO:Checking exceptions
2026-04-15 12:27:16,632:INFO:Importing libraries
2026-04-15 12:27:16,632:INFO:Copying training dataset
2026-04-15 12:27:16,634:INFO:Defining folds
2026-04-15 12:27:16,634:INFO:Declaring metric variables
2026-04-15 12:27:16,634:INFO:Importing untrained model
2026-04-15 12:27:16,634:INFO:Logistic Regression Imported successfully
2026-04-15 12:27:16,634:INFO:Starting cross validation
2026-04-15 12:27:16,635:INFO:Cross validating with StratifiedKFold(n_splits=10, random_state=None, shuffle=False), n_jobs=-1
2026-04-15 12:27:18,847:WARNING:/opt/anaconda3/envs/pycaret_env/lib/python3.10/site-packages/_distutils_hack/__init__.py:30: UserWarning: Setuptools is replacing distutils. Support for replacing an already imported distutils is deprecated. In the future, this condition will fail. Register concerns at https://github.com/pypa/setuptools/issues/new?template=distutils-deprecation.yml
  warnings.warn(

2026-04-15 12:27:18,850:WARNING:/opt/anaconda3/envs/pycaret_env/lib/python3.10/site-packages/_distutils_hack/__init__.py:30: UserWarning: Setuptools is replacing distutils. Support for replacing an already imported distutils is deprecated. In the future, this condition will fail. Register concerns at https://github.com/pypa/setuptools/issues/new?template=distutils-deprecation.yml
  warnings.warn(

2026-04-15 12:27:18,871:WARNING:/opt/anaconda3/envs/pycaret_env/lib/python3.10/site-packages/_distutils_hack/__init__.py:30: UserWarning: Setuptools is replacing distutils. Support for replacing an already imported distutils is deprecated. In the future, this condition will fail. Register concerns at https://github.com/pypa/setuptools/issues/new?template=distutils-deprecation.yml
  warnings.warn(

2026-04-15 12:27:18,875:WARNING:/opt/anaconda3/envs/pycaret_env/lib/python3.10/site-packages/_distutils_hack/__init__.py:30: UserWarning: Setuptools is replacing distutils. Support for replacing an already imported distutils is deprecated. In the future, this condition will fail. Register concerns at https://github.com/pypa/setuptools/issues/new?template=distutils-deprecation.yml
  warnings.warn(

2026-04-15 12:27:18,895:WARNING:/opt/anaconda3/envs/pycaret_env/lib/python3.10/site-packages/_distutils_hack/__init__.py:30: UserWarning: Setuptools is replacing distutils. Support for replacing an already imported distutils is deprecated. In the future, this condition will fail. Register concerns at https://github.com/pypa/setuptools/issues/new?template=distutils-deprecation.yml
  warnings.warn(

2026-04-15 12:27:18,939:WARNING:/opt/anaconda3/envs/pycaret_env/lib/python3.10/site-packages/sklearn/metrics/_classification.py:1561: UserWarning: Note that pos_label (set to 'Osmancik') is ignored when average != 'binary' (got 'weighted'). You may use labels=[pos_label] to specify a single positive class.
  warnings.warn(

2026-04-15 12:27:18,940:WARNING:/opt/anaconda3/envs/pycaret_env/lib/python3.10/site-packages/sklearn/metrics/_classification.py:1561: UserWarning: Note that pos_label (set to 'Osmancik') is ignored when average != 'binary' (got 'weighted'). You may use labels=[pos_label] to specify a single positive class.
  warnings.warn(

2026-04-15 12:27:18,941:WARNING:/opt/anaconda3/envs/pycaret_env/lib/python3.10/site-packages/sklearn/metrics/_classification.py:1561: UserWarning: Note that pos_label (set to 'Osmancik') is ignored when average != 'binary' (got 'weighted'). You may use labels=[pos_label] to specify a single positive class.
  warnings.warn(

2026-04-15 12:27:18,962:WARNING:/opt/anaconda3/envs/pycaret_env/lib/python3.10/site-packages/_distutils_hack/__init__.py:30: UserWarning: Setuptools is replacing distutils. Support for replacing an already imported distutils is deprecated. In the future, this condition will fail. Register concerns at https://github.com/pypa/setuptools/issues/new?template=distutils-deprecation.yml
  warnings.warn(

2026-04-15 12:27:18,967:WARNING:/opt/anaconda3/envs/pycaret_env/lib/python3.10/site-packages/sklearn/metrics/_classification.py:1561: UserWarning: Note that pos_label (set to 'Osmancik') is ignored when average != 'binary' (got 'weighted'). You may use labels=[pos_label] to specify a single positive class.
  warnings.warn(

2026-04-15 12:27:18,968:WARNING:/opt/anaconda3/envs/pycaret_env/lib/python3.10/site-packages/sklearn/metrics/_classification.py:1561: UserWarning: Note that pos_label (set to 'Osmancik') is ignored when average != 'binary' (got 'weighted'). You may use labels=[pos_label] to specify a single positive class.
  warnings.warn(

2026-04-15 12:27:18,972:WARNING:/opt/anaconda3/envs/pycaret_env/lib/python3.10/site-packages/sklearn/metrics/_classification.py:1561: UserWarning: Note that pos_label (set to 'Osmancik') is ignored when average != 'binary' (got 'weighted'). You may use labels=[pos_label] to specify a single positive class.
  warnings.warn(

2026-04-15 12:27:18,975:WARNING:/opt/anaconda3/envs/pycaret_env/lib/python3.10/site-packages/sklearn/metrics/_classification.py:1561: UserWarning: Note that pos_label (set to 'Osmancik') is ignored when average != 'binary' (got 'weighted'). You may use labels=[pos_label] to specify a single positive class.
  warnings.warn(

2026-04-15 12:27:18,978:WARNING:/opt/anaconda3/envs/pycaret_env/lib/python3.10/site-packages/sklearn/metrics/_classification.py:1561: UserWarning: Note that pos_label (set to 'Osmancik') is ignored when average != 'binary' (got 'weighted'). You may use labels=[pos_label] to specify a single positive class.
  warnings.warn(

2026-04-15 12:27:18,979:WARNING:/opt/anaconda3/envs/pycaret_env/lib/python3.10/site-packages/sklearn/metrics/_classification.py:1561: UserWarning: Note that pos_label (set to 'Osmancik') is ignored when average != 'binary' (got 'weighted'). You may use labels=[pos_label] to specify a single positive class.
  warnings.warn(

2026-04-15 12:27:18,981:WARNING:/opt/anaconda3/envs/pycaret_env/lib/python3.10/site-packages/sklearn/metrics/_classification.py:1561: UserWarning: Note that pos_label (set to 'Osmancik') is ignored when average != 'binary' (got 'weighted'). You may use labels=[pos_label] to specify a single positive class.
  warnings.warn(

2026-04-15 12:27:18,981:WARNING:/opt/anaconda3/envs/pycaret_env/lib/python3.10/site-packages/_distutils_hack/__init__.py:30: UserWarning: Setuptools is replacing distutils. Support for replacing an already imported distutils is deprecated. In the future, this condition will fail. Register concerns at https://github.com/pypa/setuptools/issues/new?template=distutils-deprecation.yml
  warnings.warn(

2026-04-15 12:27:18,984:WARNING:/opt/anaconda3/envs/pycaret_env/lib/python3.10/site-packages/sklearn/metrics/_classification.py:1561: UserWarning: Note that pos_label (set to 'Osmancik') is ignored when average != 'binary' (got 'weighted'). You may use labels=[pos_label] to specify a single positive class.
  warnings.warn(

2026-04-15 12:27:18,987:WARNING:/opt/anaconda3/envs/pycaret_env/lib/python3.10/site-packages/sklearn/metrics/_classification.py:1561: UserWarning: Note that pos_label (set to 'Osmancik') is ignored when average != 'binary' (got 'weighted'). You may use labels=[pos_label] to specify a single positive class.
  warnings.warn(

2026-04-15 12:27:19,003:WARNING:/opt/anaconda3/envs/pycaret_env/lib/python3.10/site-packages/_distutils_hack/__init__.py:30: UserWarning: Setuptools is replacing distutils. Support for replacing an already imported distutils is deprecated. In the future, this condition will fail. Register concerns at https://github.com/pypa/setuptools/issues/new?template=distutils-deprecation.yml
  warnings.warn(

2026-04-15 12:27:19,021:WARNING:/opt/anaconda3/envs/pycaret_env/lib/python3.10/site-packages/sklearn/metrics/_classification.py:1561: UserWarning: Note that pos_label (set to 'Osmancik') is ignored when average != 'binary' (got 'weighted'). You may use labels=[pos_label] to specify a single positive class.
  warnings.warn(

2026-04-15 12:27:19,022:WARNING:/opt/anaconda3/envs/pycaret_env/lib/python3.10/site-packages/sklearn/metrics/_classification.py:1561: UserWarning: Note that pos_label (set to 'Osmancik') is ignored when average != 'binary' (got 'weighted'). You may use labels=[pos_label] to specify a single positive class.
  warnings.warn(

2026-04-15 12:27:19,023:WARNING:/opt/anaconda3/envs/pycaret_env/lib/python3.10/site-packages/sklearn/metrics/_classification.py:1561: UserWarning: Note that pos_label (set to 'Osmancik') is ignored when average != 'binary' (got 'weighted'). You may use labels=[pos_label] to specify a single positive class.
  warnings.warn(

2026-04-15 12:27:19,028:WARNING:/opt/anaconda3/envs/pycaret_env/lib/python3.10/site-packages/_distutils_hack/__init__.py:30: UserWarning: Setuptools is replacing distutils. Support for replacing an already imported distutils is deprecated. In the future, this condition will fail. Register concerns at https://github.com/pypa/setuptools/issues/new?template=distutils-deprecation.yml
  warnings.warn(

2026-04-15 12:27:19,060:WARNING:/opt/anaconda3/envs/pycaret_env/lib/python3.10/site-packages/_distutils_hack/__init__.py:30: UserWarning: Setuptools is replacing distutils. Support for replacing an already imported distutils is deprecated. In the future, this condition will fail. Register concerns at https://github.com/pypa/setuptools/issues/new?template=distutils-deprecation.yml
  warnings.warn(

2026-04-15 12:27:19,065:WARNING:/opt/anaconda3/envs/pycaret_env/lib/python3.10/site-packages/sklearn/metrics/_classification.py:1561: UserWarning: Note that pos_label (set to 'Osmancik') is ignored when average != 'binary' (got 'weighted'). You may use labels=[pos_label] to specify a single positive class.
  warnings.warn(

2026-04-15 12:27:19,066:WARNING:/opt/anaconda3/envs/pycaret_env/lib/python3.10/site-packages/sklearn/metrics/_classification.py:1561: UserWarning: Note that pos_label (set to 'Osmancik') is ignored when average != 'binary' (got 'weighted'). You may use labels=[pos_label] to specify a single positive class.
  warnings.warn(

2026-04-15 12:27:19,067:WARNING:/opt/anaconda3/envs/pycaret_env/lib/python3.10/site-packages/sklearn/metrics/_classification.py:1561: UserWarning: Note that pos_label (set to 'Osmancik') is ignored when average != 'binary' (got 'weighted'). You may use labels=[pos_label] to specify a single positive class.
  warnings.warn(

2026-04-15 12:27:19,081:WARNING:/opt/anaconda3/envs/pycaret_env/lib/python3.10/site-packages/sklearn/metrics/_classification.py:1561: UserWarning: Note that pos_label (set to 'Osmancik') is ignored when average != 'binary' (got 'weighted'). You may use labels=[pos_label] to specify a single positive class.
  warnings.warn(

2026-04-15 12:27:19,082:WARNING:/opt/anaconda3/envs/pycaret_env/lib/python3.10/site-packages/sklearn/metrics/_classification.py:1561: UserWarning: Note that pos_label (set to 'Osmancik') is ignored when average != 'binary' (got 'weighted'). You may use labels=[pos_label] to specify a single positive class.
  warnings.warn(

2026-04-15 12:27:19,083:WARNING:/opt/anaconda3/envs/pycaret_env/lib/python3.10/site-packages/sklearn/metrics/_classification.py:1561: UserWarning: Note that pos_label (set to 'Osmancik') is ignored when average != 'binary' (got 'weighted'). You may use labels=[pos_label] to specify a single positive class.
  warnings.warn(

2026-04-15 12:27:19,096:WARNING:/opt/anaconda3/envs/pycaret_env/lib/python3.10/site-packages/sklearn/metrics/_classification.py:1561: UserWarning: Note that pos_label (set to 'Osmancik') is ignored when average != 'binary' (got 'weighted'). You may use labels=[pos_label] to specify a single positive class.
  warnings.warn(

2026-04-15 12:27:19,098:WARNING:/opt/anaconda3/envs/pycaret_env/lib/python3.10/site-packages/sklearn/metrics/_classification.py:1561: UserWarning: Note that pos_label (set to 'Osmancik') is ignored when average != 'binary' (got 'weighted'). You may use labels=[pos_label] to specify a single positive class.
  warnings.warn(

2026-04-15 12:27:19,099:WARNING:/opt/anaconda3/envs/pycaret_env/lib/python3.10/site-packages/sklearn/metrics/_classification.py:1561: UserWarning: Note that pos_label (set to 'Osmancik') is ignored when average != 'binary' (got 'weighted'). You may use labels=[pos_label] to specify a single positive class.
  warnings.warn(

2026-04-15 12:27:19,119:WARNING:/opt/anaconda3/envs/pycaret_env/lib/python3.10/site-packages/sklearn/metrics/_classification.py:1561: UserWarning: Note that pos_label (set to 'Osmancik') is ignored when average != 'binary' (got 'weighted'). You may use labels=[pos_label] to specify a single positive class.
  warnings.warn(

2026-04-15 12:27:19,120:WARNING:/opt/anaconda3/envs/pycaret_env/lib/python3.10/site-packages/sklearn/metrics/_classification.py:1561: UserWarning: Note that pos_label (set to 'Osmancik') is ignored when average != 'binary' (got 'weighted'). You may use labels=[pos_label] to specify a single positive class.
  warnings.warn(

2026-04-15 12:27:19,121:WARNING:/opt/anaconda3/envs/pycaret_env/lib/python3.10/site-packages/sklearn/metrics/_classification.py:1561: UserWarning: Note that pos_label (set to 'Osmancik') is ignored when average != 'binary' (got 'weighted'). You may use labels=[pos_label] to specify a single positive class.
  warnings.warn(

2026-04-15 12:27:19,124:WARNING:/opt/anaconda3/envs/pycaret_env/lib/python3.10/site-packages/sklearn/metrics/_classification.py:1561: UserWarning: Note that pos_label (set to 'Osmancik') is ignored when average != 'binary' (got 'weighted'). You may use labels=[pos_label] to specify a single positive class.
  warnings.warn(

2026-04-15 12:27:19,126:WARNING:/opt/anaconda3/envs/pycaret_env/lib/python3.10/site-packages/sklearn/metrics/_classification.py:1561: UserWarning: Note that pos_label (set to 'Osmancik') is ignored when average != 'binary' (got 'weighted'). You may use labels=[pos_label] to specify a single positive class.
  warnings.warn(

2026-04-15 12:27:19,127:WARNING:/opt/anaconda3/envs/pycaret_env/lib/python3.10/site-packages/sklearn/metrics/_classification.py:1561: UserWarning: Note that pos_label (set to 'Osmancik') is ignored when average != 'binary' (got 'weighted'). You may use labels=[pos_label] to specify a single positive class.
  warnings.warn(

2026-04-15 12:27:19,137:INFO:Calculating mean and std
2026-04-15 12:27:19,138:INFO:Creating metrics dataframe
2026-04-15 12:27:19,140:INFO:Uploading results into container
2026-04-15 12:27:19,140:INFO:Uploading model into container now
2026-04-15 12:27:19,140:INFO:_master_model_container: 1
2026-04-15 12:27:19,140:INFO:_display_container: 2
2026-04-15 12:27:19,141:INFO:LogisticRegression(C=1.0, class_weight=None, dual=False, fit_intercept=True,
                   intercept_scaling=1, l1_ratio=None, max_iter=1000,
                   multi_class='auto', n_jobs=None, penalty='l2',
                   random_state=42, solver='lbfgs', tol=0.0001, verbose=0,
                   warm_start=False)
2026-04-15 12:27:19,141:INFO:create_model() successfully completed......................................
2026-04-15 12:27:19,182:INFO:SubProcess create_model() end ==================================
2026-04-15 12:27:19,182:INFO:Creating metrics dataframe
2026-04-15 12:27:19,183:INFO:Initializing K Neighbors Classifier
2026-04-15 12:27:19,183:INFO:Total runtime is 0.04252717097600301 minutes
2026-04-15 12:27:19,183:INFO:SubProcess create_model() called ==================================
2026-04-15 12:27:19,183:INFO:Initializing create_model()
2026-04-15 12:27:19,183:INFO:create_model(self=<pycaret.classification.oop.ClassificationExperiment object at 0x1055cfd90>, estimator=knn, fold=StratifiedKFold(n_splits=10, random_state=None, shuffle=False), round=4, cross_validation=True, predict=True, fit_kwargs={}, groups=None, refit=False, probability_threshold=None, experiment_custom_tags=None, verbose=False, system=False, add_to_model_list=True, metrics=None, display=<pycaret.internal.display.display.CommonDisplay object at 0x16b37aad0>, model_only=True, return_train_score=False, error_score=0.0, kwargs={})
2026-04-15 12:27:19,183:INFO:Checking exceptions
2026-04-15 12:27:19,183:INFO:Importing libraries
2026-04-15 12:27:19,183:INFO:Copying training dataset
2026-04-15 12:27:19,185:INFO:Defining folds
2026-04-15 12:27:19,185:INFO:Declaring metric variables
2026-04-15 12:27:19,185:INFO:Importing untrained model
2026-04-15 12:27:19,185:INFO:K Neighbors Classifier Imported successfully
2026-04-15 12:27:19,185:INFO:Starting cross validation
2026-04-15 12:27:19,185:INFO:Cross validating with StratifiedKFold(n_splits=10, random_state=None, shuffle=False), n_jobs=-1
2026-04-15 12:27:19,232:WARNING:/opt/anaconda3/envs/pycaret_env/lib/python3.10/site-packages/sklearn/metrics/_classification.py:1561: UserWarning: Note that pos_label (set to 'Osmancik') is ignored when average != 'binary' (got 'weighted'). You may use labels=[pos_label] to specify a single positive class.
  warnings.warn(

2026-04-15 12:27:19,233:WARNING:/opt/anaconda3/envs/pycaret_env/lib/python3.10/site-packages/sklearn/metrics/_classification.py:1561: UserWarning: Note that pos_label (set to 'Osmancik') is ignored when average != 'binary' (got 'weighted'). You may use labels=[pos_label] to specify a single positive class.
  warnings.warn(

2026-04-15 12:27:19,233:WARNING:/opt/anaconda3/envs/pycaret_env/lib/python3.10/site-packages/sklearn/metrics/_classification.py:1561: UserWarning: Note that pos_label (set to 'Osmancik') is ignored when average != 'binary' (got 'weighted'). You may use labels=[pos_label] to specify a single positive class.
  warnings.warn(

2026-04-15 12:27:19,235:WARNING:/opt/anaconda3/envs/pycaret_env/lib/python3.10/site-packages/sklearn/metrics/_classification.py:1561: UserWarning: Note that pos_label (set to 'Osmancik') is ignored when average != 'binary' (got 'weighted'). You may use labels=[pos_label] to specify a single positive class.
  warnings.warn(

2026-04-15 12:27:19,235:WARNING:/opt/anaconda3/envs/pycaret_env/lib/python3.10/site-packages/sklearn/metrics/_classification.py:1561: UserWarning: Note that pos_label (set to 'Osmancik') is ignored when average != 'binary' (got 'weighted'). You may use labels=[pos_label] to specify a single positive class.
  warnings.warn(

2026-04-15 12:27:19,236:WARNING:/opt/anaconda3/envs/pycaret_env/lib/python3.10/site-packages/sklearn/metrics/_classification.py:1561: UserWarning: Note that pos_label (set to 'Osmancik') is ignored when average != 'binary' (got 'weighted'). You may use labels=[pos_label] to specify a single positive class.
  warnings.warn(

2026-04-15 12:27:19,239:WARNING:/opt/anaconda3/envs/pycaret_env/lib/python3.10/site-packages/sklearn/metrics/_classification.py:1561: UserWarning: Note that pos_label (set to 'Osmancik') is ignored when average != 'binary' (got 'weighted'). You may use labels=[pos_label] to specify a single positive class.
  warnings.warn(

2026-04-15 12:27:19,240:WARNING:/opt/anaconda3/envs/pycaret_env/lib/python3.10/site-packages/sklearn/metrics/_classification.py:1561: UserWarning: Note that pos_label (set to 'Osmancik') is ignored when average != 'binary' (got 'weighted'). You may use labels=[pos_label] to specify a single positive class.
  warnings.warn(

2026-04-15 12:27:19,241:WARNING:/opt/anaconda3/envs/pycaret_env/lib/python3.10/site-packages/sklearn/metrics/_classification.py:1561: UserWarning: Note that pos_label (set to 'Osmancik') is ignored when average != 'binary' (got 'weighted'). You may use labels=[pos_label] to specify a single positive class.
  warnings.warn(

2026-04-15 12:27:19,241:WARNING:/opt/anaconda3/envs/pycaret_env/lib/python3.10/site-packages/sklearn/metrics/_classification.py:1561: UserWarning: Note that pos_label (set to 'Osmancik') is ignored when average != 'binary' (got 'weighted'). You may use labels=[pos_label] to specify a single positive class.
  warnings.warn(

2026-04-15 12:27:19,242:WARNING:/opt/anaconda3/envs/pycaret_env/lib/python3.10/site-packages/sklearn/metrics/_classification.py:1561: UserWarning: Note that pos_label (set to 'Osmancik') is ignored when average != 'binary' (got 'weighted'). You may use labels=[pos_label] to specify a single positive class.
  warnings.warn(

2026-04-15 12:27:19,243:WARNING:/opt/anaconda3/envs/pycaret_env/lib/python3.10/site-packages/sklearn/metrics/_classification.py:1561: UserWarning: Note that pos_label (set to 'Osmancik') is ignored when average != 'binary' (got 'weighted'). You may use labels=[pos_label] to specify a single positive class.
  warnings.warn(

2026-04-15 12:27:19,244:WARNING:/opt/anaconda3/envs/pycaret_env/lib/python3.10/site-packages/sklearn/metrics/_classification.py:1561: UserWarning: Note that pos_label (set to 'Osmancik') is ignored when average != 'binary' (got 'weighted'). You may use labels=[pos_label] to specify a single positive class.
  warnings.warn(

2026-04-15 12:27:19,244:WARNING:/opt/anaconda3/envs/pycaret_env/lib/python3.10/site-packages/sklearn/metrics/_classification.py:1561: UserWarning: Note that pos_label (set to 'Osmancik') is ignored when average != 'binary' (got 'weighted'). You may use labels=[pos_label] to specify a single positive class.
  warnings.warn(

2026-04-15 12:27:19,246:WARNING:/opt/anaconda3/envs/pycaret_env/lib/python3.10/site-packages/sklearn/metrics/_classification.py:1561: UserWarning: Note that pos_label (set to 'Osmancik') is ignored when average != 'binary' (got 'weighted'). You may use labels=[pos_label] to specify a single positive class.
  warnings.warn(

2026-04-15 12:27:19,246:WARNING:/opt/anaconda3/envs/pycaret_env/lib/python3.10/site-packages/sklearn/metrics/_classification.py:1561: UserWarning: Note that pos_label (set to 'Osmancik') is ignored when average != 'binary' (got 'weighted'). You may use labels=[pos_label] to specify a single positive class.
  warnings.warn(

2026-04-15 12:27:19,247:WARNING:/opt/anaconda3/envs/pycaret_env/lib/python3.10/site-packages/sklearn/metrics/_classification.py:1561: UserWarning: Note that pos_label (set to 'Osmancik') is ignored when average != 'binary' (got 'weighted'). You may use labels=[pos_label] to specify a single positive class.
  warnings.warn(

2026-04-15 12:27:19,247:WARNING:/opt/anaconda3/envs/pycaret_env/lib/python3.10/site-packages/sklearn/metrics/_classification.py:1561: UserWarning: Note that pos_label (set to 'Osmancik') is ignored when average != 'binary' (got 'weighted'). You may use labels=[pos_label] to specify a single positive class.
  warnings.warn(

2026-04-15 12:27:19,250:WARNING:/opt/anaconda3/envs/pycaret_env/lib/python3.10/site-packages/sklearn/metrics/_classification.py:1561: UserWarning: Note that pos_label (set to 'Osmancik') is ignored when average != 'binary' (got 'weighted'). You may use labels=[pos_label] to specify a single positive class.
  warnings.warn(

2026-04-15 12:27:19,251:WARNING:/opt/anaconda3/envs/pycaret_env/lib/python3.10/site-packages/sklearn/metrics/_classification.py:1561: UserWarning: Note that pos_label (set to 'Osmancik') is ignored when average != 'binary' (got 'weighted'). You may use labels=[pos_label] to specify a single positive class.
  warnings.warn(

2026-04-15 12:27:19,252:WARNING:/opt/anaconda3/envs/pycaret_env/lib/python3.10/site-packages/sklearn/metrics/_classification.py:1561: UserWarning: Note that pos_label (set to 'Osmancik') is ignored when average != 'binary' (got 'weighted'). You may use labels=[pos_label] to specify a single positive class.
  warnings.warn(

2026-04-15 12:27:19,252:WARNING:/opt/anaconda3/envs/pycaret_env/lib/python3.10/site-packages/sklearn/metrics/_classification.py:1561: UserWarning: Note that pos_label (set to 'Osmancik') is ignored when average != 'binary' (got 'weighted'). You may use labels=[pos_label] to specify a single positive class.
  warnings.warn(

2026-04-15 12:27:19,253:WARNING:/opt/anaconda3/envs/pycaret_env/lib/python3.10/site-packages/sklearn/metrics/_classification.py:1561: UserWarning: Note that pos_label (set to 'Osmancik') is ignored when average != 'binary' (got 'weighted'). You may use labels=[pos_label] to specify a single positive class.
  warnings.warn(

2026-04-15 12:27:19,253:WARNING:/opt/anaconda3/envs/pycaret_env/lib/python3.10/site-packages/sklearn/metrics/_classification.py:1561: UserWarning: Note that pos_label (set to 'Osmancik') is ignored when average != 'binary' (got 'weighted'). You may use labels=[pos_label] to specify a single positive class.
  warnings.warn(

2026-04-15 12:27:19,256:WARNING:/opt/anaconda3/envs/pycaret_env/lib/python3.10/site-packages/sklearn/metrics/_classification.py:1561: UserWarning: Note that pos_label (set to 'Osmancik') is ignored when average != 'binary' (got 'weighted'). You may use labels=[pos_label] to specify a single positive class.
  warnings.warn(

2026-04-15 12:27:19,257:WARNING:/opt/anaconda3/envs/pycaret_env/lib/python3.10/site-packages/sklearn/metrics/_classification.py:1561: UserWarning: Note that pos_label (set to 'Osmancik') is ignored when average != 'binary' (got 'weighted'). You may use labels=[pos_label] to specify a single positive class.
  warnings.warn(

2026-04-15 12:27:19,258:WARNING:/opt/anaconda3/envs/pycaret_env/lib/python3.10/site-packages/sklearn/metrics/_classification.py:1561: UserWarning: Note that pos_label (set to 'Osmancik') is ignored when average != 'binary' (got 'weighted'). You may use labels=[pos_label] to specify a single positive class.
  warnings.warn(

2026-04-15 12:27:19,268:WARNING:/opt/anaconda3/envs/pycaret_env/lib/python3.10/site-packages/sklearn/metrics/_classification.py:1561: UserWarning: Note that pos_label (set to 'Osmancik') is ignored when average != 'binary' (got 'weighted'). You may use labels=[pos_label] to specify a single positive class.
  warnings.warn(

2026-04-15 12:27:19,269:WARNING:/opt/anaconda3/envs/pycaret_env/lib/python3.10/site-packages/sklearn/metrics/_classification.py:1561: UserWarning: Note that pos_label (set to 'Osmancik') is ignored when average != 'binary' (got 'weighted'). You may use labels=[pos_label] to specify a single positive class.
  warnings.warn(

2026-04-15 12:27:19,270:WARNING:/opt/anaconda3/envs/pycaret_env/lib/python3.10/site-packages/sklearn/metrics/_classification.py:1561: UserWarning: Note that pos_label (set to 'Osmancik') is ignored when average != 'binary' (got 'weighted'). You may use labels=[pos_label] to specify a single positive class.
  warnings.warn(

2026-04-15 12:27:19,273:INFO:Calculating mean and std
2026-04-15 12:27:19,274:INFO:Creating metrics dataframe
2026-04-15 12:27:19,274:INFO:Uploading results into container
2026-04-15 12:27:19,275:INFO:Uploading model into container now
2026-04-15 12:27:19,275:INFO:_master_model_container: 2
2026-04-15 12:27:19,275:INFO:_display_container: 2
2026-04-15 12:27:19,275:INFO:KNeighborsClassifier(algorithm='auto', leaf_size=30, metric='minkowski',
                     metric_params=None, n_jobs=-1, n_neighbors=5, p=2,
                     weights='uniform')
2026-04-15 12:27:19,275:INFO:create_model() successfully completed......................................
2026-04-15 12:27:19,306:INFO:SubProcess create_model() end ==================================
2026-04-15 12:27:19,306:INFO:Creating metrics dataframe
2026-04-15 12:27:19,307:INFO:Initializing Naive Bayes
2026-04-15 12:27:19,307:INFO:Total runtime is 0.044585371017456056 minutes
2026-04-15 12:27:19,307:INFO:SubProcess create_model() called ==================================
2026-04-15 12:27:19,307:INFO:Initializing create_model()
2026-04-15 12:27:19,307:INFO:create_model(self=<pycaret.classification.oop.ClassificationExperiment object at 0x1055cfd90>, estimator=nb, fold=StratifiedKFold(n_splits=10, random_state=None, shuffle=False), round=4, cross_validation=True, predict=True, fit_kwargs={}, groups=None, refit=False, probability_threshold=None, experiment_custom_tags=None, verbose=False, system=False, add_to_model_list=True, metrics=None, display=<pycaret.internal.display.display.CommonDisplay object at 0x16b37aad0>, model_only=True, return_train_score=False, error_score=0.0, kwargs={})
2026-04-15 12:27:19,307:INFO:Checking exceptions
2026-04-15 12:27:19,307:INFO:Importing libraries
2026-04-15 12:27:19,307:INFO:Copying training dataset
2026-04-15 12:27:19,308:INFO:Defining folds
2026-04-15 12:27:19,308:INFO:Declaring metric variables
2026-04-15 12:27:19,308:INFO:Importing untrained model
2026-04-15 12:27:19,308:INFO:Naive Bayes Imported successfully
2026-04-15 12:27:19,308:INFO:Starting cross validation
2026-04-15 12:27:19,308:INFO:Cross validating with StratifiedKFold(n_splits=10, random_state=None, shuffle=False), n_jobs=-1
2026-04-15 12:27:19,321:WARNING:/opt/anaconda3/envs/pycaret_env/lib/python3.10/site-packages/sklearn/metrics/_classification.py:1561: UserWarning: Note that pos_label (set to 'Osmancik') is ignored when average != 'binary' (got 'weighted'). You may use labels=[pos_label] to specify a single positive class.
  warnings.warn(

2026-04-15 12:27:19,323:WARNING:/opt/anaconda3/envs/pycaret_env/lib/python3.10/site-packages/sklearn/metrics/_classification.py:1561: UserWarning: Note that pos_label (set to 'Osmancik') is ignored when average != 'binary' (got 'weighted'). You may use labels=[pos_label] to specify a single positive class.
  warnings.warn(

2026-04-15 12:27:19,324:WARNING:/opt/anaconda3/envs/pycaret_env/lib/python3.10/site-packages/sklearn/metrics/_classification.py:1561: UserWarning: Note that pos_label (set to 'Osmancik') is ignored when average != 'binary' (got 'weighted'). You may use labels=[pos_label] to specify a single positive class.
  warnings.warn(

2026-04-15 12:27:19,324:WARNING:/opt/anaconda3/envs/pycaret_env/lib/python3.10/site-packages/sklearn/metrics/_classification.py:1561: UserWarning: Note that pos_label (set to 'Osmancik') is ignored when average != 'binary' (got 'weighted'). You may use labels=[pos_label] to specify a single positive class.
  warnings.warn(

2026-04-15 12:27:19,324:WARNING:/opt/anaconda3/envs/pycaret_env/lib/python3.10/site-packages/sklearn/metrics/_classification.py:1561: UserWarning: Note that pos_label (set to 'Osmancik') is ignored when average != 'binary' (got 'weighted'). You may use labels=[pos_label] to specify a single positive class.
  warnings.warn(

2026-04-15 12:27:19,325:WARNING:/opt/anaconda3/envs/pycaret_env/lib/python3.10/site-packages/sklearn/metrics/_classification.py:1561: UserWarning: Note that pos_label (set to 'Osmancik') is ignored when average != 'binary' (got 'weighted'). You may use labels=[pos_label] to specify a single positive class.
  warnings.warn(

2026-04-15 12:27:19,326:WARNING:/opt/anaconda3/envs/pycaret_env/lib/python3.10/site-packages/sklearn/metrics/_classification.py:1561: UserWarning: Note that pos_label (set to 'Osmancik') is ignored when average != 'binary' (got 'weighted'). You may use labels=[pos_label] to specify a single positive class.
  warnings.warn(

2026-04-15 12:27:19,326:WARNING:/opt/anaconda3/envs/pycaret_env/lib/python3.10/site-packages/sklearn/metrics/_classification.py:1561: UserWarning: Note that pos_label (set to 'Osmancik') is ignored when average != 'binary' (got 'weighted'). You may use labels=[pos_label] to specify a single positive class.
  warnings.warn(

2026-04-15 12:27:19,326:WARNING:/opt/anaconda3/envs/pycaret_env/lib/python3.10/site-packages/sklearn/metrics/_classification.py:1561: UserWarning: Note that pos_label (set to 'Osmancik') is ignored when average != 'binary' (got 'weighted'). You may use labels=[pos_label] to specify a single positive class.
  warnings.warn(

2026-04-15 12:27:19,327:WARNING:/opt/anaconda3/envs/pycaret_env/lib/python3.10/site-packages/sklearn/metrics/_classification.py:1561: UserWarning: Note that pos_label (set to 'Osmancik') is ignored when average != 'binary' (got 'weighted'). You may use labels=[pos_label] to specify a single positive class.
  warnings.warn(

2026-04-15 12:27:19,327:WARNING:/opt/anaconda3/envs/pycaret_env/lib/python3.10/site-packages/sklearn/metrics/_classification.py:1561: UserWarning: Note that pos_label (set to 'Osmancik') is ignored when average != 'binary' (got 'weighted'). You may use labels=[pos_label] to specify a single positive class.
  warnings.warn(

2026-04-15 12:27:19,329:WARNING:/opt/anaconda3/envs/pycaret_env/lib/python3.10/site-packages/sklearn/metrics/_classification.py:1561: UserWarning: Note that pos_label (set to 'Osmancik') is ignored when average != 'binary' (got 'weighted'). You may use labels=[pos_label] to specify a single positive class.
  warnings.warn(

2026-04-15 12:27:19,336:WARNING:/opt/anaconda3/envs/pycaret_env/lib/python3.10/site-packages/sklearn/metrics/_classification.py:1561: UserWarning: Note that pos_label (set to 'Osmancik') is ignored when average != 'binary' (got 'weighted'). You may use labels=[pos_label] to specify a single positive class.
  warnings.warn(

2026-04-15 12:27:19,336:WARNING:/opt/anaconda3/envs/pycaret_env/lib/python3.10/site-packages/sklearn/metrics/_classification.py:1561: UserWarning: Note that pos_label (set to 'Osmancik') is ignored when average != 'binary' (got 'weighted'). You may use labels=[pos_label] to specify a single positive class.
  warnings.warn(

2026-04-15 12:27:19,336:WARNING:/opt/anaconda3/envs/pycaret_env/lib/python3.10/site-packages/sklearn/metrics/_classification.py:1561: UserWarning: Note that pos_label (set to 'Osmancik') is ignored when average != 'binary' (got 'weighted'). You may use labels=[pos_label] to specify a single positive class.
  warnings.warn(

2026-04-15 12:27:19,337:WARNING:/opt/anaconda3/envs/pycaret_env/lib/python3.10/site-packages/sklearn/metrics/_classification.py:1561: UserWarning: Note that pos_label (set to 'Osmancik') is ignored when average != 'binary' (got 'weighted'). You may use labels=[pos_label] to specify a single positive class.
  warnings.warn(

2026-04-15 12:27:19,337:WARNING:/opt/anaconda3/envs/pycaret_env/lib/python3.10/site-packages/sklearn/metrics/_classification.py:1561: UserWarning: Note that pos_label (set to 'Osmancik') is ignored when average != 'binary' (got 'weighted'). You may use labels=[pos_label] to specify a single positive class.
  warnings.warn(

2026-04-15 12:27:19,337:WARNING:/opt/anaconda3/envs/pycaret_env/lib/python3.10/site-packages/sklearn/metrics/_classification.py:1561: UserWarning: Note that pos_label (set to 'Osmancik') is ignored when average != 'binary' (got 'weighted'). You may use labels=[pos_label] to specify a single positive class.
  warnings.warn(

2026-04-15 12:27:19,338:WARNING:/opt/anaconda3/envs/pycaret_env/lib/python3.10/site-packages/sklearn/metrics/_classification.py:1561: UserWarning: Note that pos_label (set to 'Osmancik') is ignored when average != 'binary' (got 'weighted'). You may use labels=[pos_label] to specify a single positive class.
  warnings.warn(

2026-04-15 12:27:19,338:WARNING:/opt/anaconda3/envs/pycaret_env/lib/python3.10/site-packages/sklearn/metrics/_classification.py:1561: UserWarning: Note that pos_label (set to 'Osmancik') is ignored when average != 'binary' (got 'weighted'). You may use labels=[pos_label] to specify a single positive class.
  warnings.warn(

2026-04-15 12:27:19,338:WARNING:/opt/anaconda3/envs/pycaret_env/lib/python3.10/site-packages/sklearn/metrics/_classification.py:1561: UserWarning: Note that pos_label (set to 'Osmancik') is ignored when average != 'binary' (got 'weighted'). You may use labels=[pos_label] to specify a single positive class.
  warnings.warn(

2026-04-15 12:27:19,339:WARNING:/opt/anaconda3/envs/pycaret_env/lib/python3.10/site-packages/sklearn/metrics/_classification.py:1561: UserWarning: Note that pos_label (set to 'Osmancik') is ignored when average != 'binary' (got 'weighted'). You may use labels=[pos_label] to specify a single positive class.
  warnings.warn(

2026-04-15 12:27:19,339:WARNING:/opt/anaconda3/envs/pycaret_env/lib/python3.10/site-packages/sklearn/metrics/_classification.py:1561: UserWarning: Note that pos_label (set to 'Osmancik') is ignored when average != 'binary' (got 'weighted'). You may use labels=[pos_label] to specify a single positive class.
  warnings.warn(

2026-04-15 12:27:19,339:WARNING:/opt/anaconda3/envs/pycaret_env/lib/python3.10/site-packages/sklearn/metrics/_classification.py:1561: UserWarning: Note that pos_label (set to 'Osmancik') is ignored when average != 'binary' (got 'weighted'). You may use labels=[pos_label] to specify a single positive class.
  warnings.warn(

2026-04-15 12:27:19,339:WARNING:/opt/anaconda3/envs/pycaret_env/lib/python3.10/site-packages/sklearn/metrics/_classification.py:1561: UserWarning: Note that pos_label (set to 'Osmancik') is ignored when average != 'binary' (got 'weighted'). You may use labels=[pos_label] to specify a single positive class.
  warnings.warn(

2026-04-15 12:27:19,339:WARNING:/opt/anaconda3/envs/pycaret_env/lib/python3.10/site-packages/sklearn/metrics/_classification.py:1561: UserWarning: Note that pos_label (set to 'Osmancik') is ignored when average != 'binary' (got 'weighted'). You may use labels=[pos_label] to specify a single positive class.
  warnings.warn(

2026-04-15 12:27:19,340:WARNING:/opt/anaconda3/envs/pycaret_env/lib/python3.10/site-packages/sklearn/metrics/_classification.py:1561: UserWarning: Note that pos_label (set to 'Osmancik') is ignored when average != 'binary' (got 'weighted'). You may use labels=[pos_label] to specify a single positive class.
  warnings.warn(

2026-04-15 12:27:19,341:WARNING:/opt/anaconda3/envs/pycaret_env/lib/python3.10/site-packages/sklearn/metrics/_classification.py:1561: UserWarning: Note that pos_label (set to 'Osmancik') is ignored when average != 'binary' (got 'weighted'). You may use labels=[pos_label] to specify a single positive class.
  warnings.warn(

2026-04-15 12:27:19,342:WARNING:/opt/anaconda3/envs/pycaret_env/lib/python3.10/site-packages/sklearn/metrics/_classification.py:1561: UserWarning: Note that pos_label (set to 'Osmancik') is ignored when average != 'binary' (got 'weighted'). You may use labels=[pos_label] to specify a single positive class.
  warnings.warn(

2026-04-15 12:27:19,343:WARNING:/opt/anaconda3/envs/pycaret_env/lib/python3.10/site-packages/sklearn/metrics/_classification.py:1561: UserWarning: Note that pos_label (set to 'Osmancik') is ignored when average != 'binary' (got 'weighted'). You may use labels=[pos_label] to specify a single positive class.
  warnings.warn(

2026-04-15 12:27:19,350:INFO:Calculating mean and std
2026-04-15 12:27:19,350:INFO:Creating metrics dataframe
2026-04-15 12:27:19,351:INFO:Uploading results into container
2026-04-15 12:27:19,351:INFO:Uploading model into container now
2026-04-15 12:27:19,351:INFO:_master_model_container: 3
2026-04-15 12:27:19,351:INFO:_display_container: 2
2026-04-15 12:27:19,351:INFO:GaussianNB(priors=None, var_smoothing=1e-09)
2026-04-15 12:27:19,351:INFO:create_model() successfully completed......................................
2026-04-15 12:27:19,379:INFO:SubProcess create_model() end ==================================
2026-04-15 12:27:19,379:INFO:Creating metrics dataframe
2026-04-15 12:27:19,380:INFO:Initializing Decision Tree Classifier
2026-04-15 12:27:19,380:INFO:Total runtime is 0.045811569690704344 minutes
2026-04-15 12:27:19,380:INFO:SubProcess create_model() called ==================================
2026-04-15 12:27:19,380:INFO:Initializing create_model()
2026-04-15 12:27:19,380:INFO:create_model(self=<pycaret.classification.oop.ClassificationExperiment object at 0x1055cfd90>, estimator=dt, fold=StratifiedKFold(n_splits=10, random_state=None, shuffle=False), round=4, cross_validation=True, predict=True, fit_kwargs={}, groups=None, refit=False, probability_threshold=None, experiment_custom_tags=None, verbose=False, system=False, add_to_model_list=True, metrics=None, display=<pycaret.internal.display.display.CommonDisplay object at 0x16b37aad0>, model_only=True, return_train_score=False, error_score=0.0, kwargs={})
2026-04-15 12:27:19,380:INFO:Checking exceptions
2026-04-15 12:27:19,380:INFO:Importing libraries
2026-04-15 12:27:19,380:INFO:Copying training dataset
2026-04-15 12:27:19,382:INFO:Defining folds
2026-04-15 12:27:19,382:INFO:Declaring metric variables
2026-04-15 12:27:19,382:INFO:Importing untrained model
2026-04-15 12:27:19,382:INFO:Decision Tree Classifier Imported successfully
2026-04-15 12:27:19,382:INFO:Starting cross validation
2026-04-15 12:27:19,382:INFO:Cross validating with StratifiedKFold(n_splits=10, random_state=None, shuffle=False), n_jobs=-1
2026-04-15 12:27:19,408:WARNING:/opt/anaconda3/envs/pycaret_env/lib/python3.10/site-packages/sklearn/metrics/_classification.py:1561: UserWarning: Note that pos_label (set to 'Osmancik') is ignored when average != 'binary' (got 'weighted'). You may use labels=[pos_label] to specify a single positive class.
  warnings.warn(

2026-04-15 12:27:19,409:WARNING:/opt/anaconda3/envs/pycaret_env/lib/python3.10/site-packages/sklearn/metrics/_classification.py:1561: UserWarning: Note that pos_label (set to 'Osmancik') is ignored when average != 'binary' (got 'weighted'). You may use labels=[pos_label] to specify a single positive class.
  warnings.warn(

2026-04-15 12:27:19,411:WARNING:/opt/anaconda3/envs/pycaret_env/lib/python3.10/site-packages/sklearn/metrics/_classification.py:1561: UserWarning: Note that pos_label (set to 'Osmancik') is ignored when average != 'binary' (got 'weighted'). You may use labels=[pos_label] to specify a single positive class.
  warnings.warn(

2026-04-15 12:27:19,411:WARNING:/opt/anaconda3/envs/pycaret_env/lib/python3.10/site-packages/sklearn/metrics/_classification.py:1561: UserWarning: Note that pos_label (set to 'Osmancik') is ignored when average != 'binary' (got 'weighted'). You may use labels=[pos_label] to specify a single positive class.
  warnings.warn(

2026-04-15 12:27:19,412:WARNING:/opt/anaconda3/envs/pycaret_env/lib/python3.10/site-packages/sklearn/metrics/_classification.py:1561: UserWarning: Note that pos_label (set to 'Osmancik') is ignored when average != 'binary' (got 'weighted'). You may use labels=[pos_label] to specify a single positive class.
  warnings.warn(

2026-04-15 12:27:19,412:WARNING:/opt/anaconda3/envs/pycaret_env/lib/python3.10/site-packages/sklearn/metrics/_classification.py:1561: UserWarning: Note that pos_label (set to 'Osmancik') is ignored when average != 'binary' (got 'weighted'). You may use labels=[pos_label] to specify a single positive class.
  warnings.warn(

2026-04-15 12:27:19,413:WARNING:/opt/anaconda3/envs/pycaret_env/lib/python3.10/site-packages/sklearn/metrics/_classification.py:1561: UserWarning: Note that pos_label (set to 'Osmancik') is ignored when average != 'binary' (got 'weighted'). You may use labels=[pos_label] to specify a single positive class.
  warnings.warn(

2026-04-15 12:27:19,413:WARNING:/opt/anaconda3/envs/pycaret_env/lib/python3.10/site-packages/sklearn/metrics/_classification.py:1561: UserWarning: Note that pos_label (set to 'Osmancik') is ignored when average != 'binary' (got 'weighted'). You may use labels=[pos_label] to specify a single positive class.
  warnings.warn(

2026-04-15 12:27:19,414:WARNING:/opt/anaconda3/envs/pycaret_env/lib/python3.10/site-packages/sklearn/metrics/_classification.py:1561: UserWarning: Note that pos_label (set to 'Osmancik') is ignored when average != 'binary' (got 'weighted'). You may use labels=[pos_label] to specify a single positive class.
  warnings.warn(

2026-04-15 12:27:19,414:WARNING:/opt/anaconda3/envs/pycaret_env/lib/python3.10/site-packages/sklearn/metrics/_classification.py:1561: UserWarning: Note that pos_label (set to 'Osmancik') is ignored when average != 'binary' (got 'weighted'). You may use labels=[pos_label] to specify a single positive class.
  warnings.warn(

2026-04-15 12:27:19,414:WARNING:/opt/anaconda3/envs/pycaret_env/lib/python3.10/site-packages/sklearn/metrics/_classification.py:1561: UserWarning: Note that pos_label (set to 'Osmancik') is ignored when average != 'binary' (got 'weighted'). You may use labels=[pos_label] to specify a single positive class.
  warnings.warn(

2026-04-15 12:27:19,414:WARNING:/opt/anaconda3/envs/pycaret_env/lib/python3.10/site-packages/sklearn/metrics/_classification.py:1561: UserWarning: Note that pos_label (set to 'Osmancik') is ignored when average != 'binary' (got 'weighted'). You may use labels=[pos_label] to specify a single positive class.
  warnings.warn(

2026-04-15 12:27:19,416:WARNING:/opt/anaconda3/envs/pycaret_env/lib/python3.10/site-packages/sklearn/metrics/_classification.py:1561: UserWarning: Note that pos_label (set to 'Osmancik') is ignored when average != 'binary' (got 'weighted'). You may use labels=[pos_label] to specify a single positive class.
  warnings.warn(

2026-04-15 12:27:19,417:WARNING:/opt/anaconda3/envs/pycaret_env/lib/python3.10/site-packages/sklearn/metrics/_classification.py:1561: UserWarning: Note that pos_label (set to 'Osmancik') is ignored when average != 'binary' (got 'weighted'). You may use labels=[pos_label] to specify a single positive class.
  warnings.warn(

2026-04-15 12:27:19,419:WARNING:/opt/anaconda3/envs/pycaret_env/lib/python3.10/site-packages/sklearn/metrics/_classification.py:1561: UserWarning: Note that pos_label (set to 'Osmancik') is ignored when average != 'binary' (got 'weighted'). You may use labels=[pos_label] to specify a single positive class.
  warnings.warn(

2026-04-15 12:27:19,420:WARNING:/opt/anaconda3/envs/pycaret_env/lib/python3.10/site-packages/sklearn/metrics/_classification.py:1561: UserWarning: Note that pos_label (set to 'Osmancik') is ignored when average != 'binary' (got 'weighted'). You may use labels=[pos_label] to specify a single positive class.
  warnings.warn(

2026-04-15 12:27:19,421:WARNING:/opt/anaconda3/envs/pycaret_env/lib/python3.10/site-packages/sklearn/metrics/_classification.py:1561: UserWarning: Note that pos_label (set to 'Osmancik') is ignored when average != 'binary' (got 'weighted'). You may use labels=[pos_label] to specify a single positive class.
  warnings.warn(

2026-04-15 12:27:19,421:WARNING:/opt/anaconda3/envs/pycaret_env/lib/python3.10/site-packages/sklearn/metrics/_classification.py:1561: UserWarning: Note that pos_label (set to 'Osmancik') is ignored when average != 'binary' (got 'weighted'). You may use labels=[pos_label] to specify a single positive class.
  warnings.warn(

2026-04-15 12:27:19,423:WARNING:/opt/anaconda3/envs/pycaret_env/lib/python3.10/site-packages/sklearn/metrics/_classification.py:1561: UserWarning: Note that pos_label (set to 'Osmancik') is ignored when average != 'binary' (got 'weighted'). You may use labels=[pos_label] to specify a single positive class.
  warnings.warn(

2026-04-15 12:27:19,423:WARNING:/opt/anaconda3/envs/pycaret_env/lib/python3.10/site-packages/sklearn/metrics/_classification.py:1561: UserWarning: Note that pos_label (set to 'Osmancik') is ignored when average != 'binary' (got 'weighted'). You may use labels=[pos_label] to specify a single positive class.
  warnings.warn(

2026-04-15 12:27:19,425:WARNING:/opt/anaconda3/envs/pycaret_env/lib/python3.10/site-packages/sklearn/metrics/_classification.py:1561: UserWarning: Note that pos_label (set to 'Osmancik') is ignored when average != 'binary' (got 'weighted'). You may use labels=[pos_label] to specify a single positive class.
  warnings.warn(

2026-04-15 12:27:19,431:WARNING:/opt/anaconda3/envs/pycaret_env/lib/python3.10/site-packages/sklearn/metrics/_classification.py:1561: UserWarning: Note that pos_label (set to 'Osmancik') is ignored when average != 'binary' (got 'weighted'). You may use labels=[pos_label] to specify a single positive class.
  warnings.warn(

2026-04-15 12:27:19,431:WARNING:/opt/anaconda3/envs/pycaret_env/lib/python3.10/site-packages/sklearn/metrics/_classification.py:1561: UserWarning: Note that pos_label (set to 'Osmancik') is ignored when average != 'binary' (got 'weighted'). You may use labels=[pos_label] to specify a single positive class.
  warnings.warn(

2026-04-15 12:27:19,433:WARNING:/opt/anaconda3/envs/pycaret_env/lib/python3.10/site-packages/sklearn/metrics/_classification.py:1561: UserWarning: Note that pos_label (set to 'Osmancik') is ignored when average != 'binary' (got 'weighted'). You may use labels=[pos_label] to specify a single positive class.
  warnings.warn(

2026-04-15 12:27:19,433:WARNING:/opt/anaconda3/envs/pycaret_env/lib/python3.10/site-packages/sklearn/metrics/_classification.py:1561: UserWarning: Note that pos_label (set to 'Osmancik') is ignored when average != 'binary' (got 'weighted'). You may use labels=[pos_label] to specify a single positive class.
  warnings.warn(

2026-04-15 12:27:19,434:WARNING:/opt/anaconda3/envs/pycaret_env/lib/python3.10/site-packages/sklearn/metrics/_classification.py:1561: UserWarning: Note that pos_label (set to 'Osmancik') is ignored when average != 'binary' (got 'weighted'). You may use labels=[pos_label] to specify a single positive class.
  warnings.warn(

2026-04-15 12:27:19,434:WARNING:/opt/anaconda3/envs/pycaret_env/lib/python3.10/site-packages/sklearn/metrics/_classification.py:1561: UserWarning: Note that pos_label (set to 'Osmancik') is ignored when average != 'binary' (got 'weighted'). You may use labels=[pos_label] to specify a single positive class.
  warnings.warn(

2026-04-15 12:27:19,436:WARNING:/opt/anaconda3/envs/pycaret_env/lib/python3.10/site-packages/sklearn/metrics/_classification.py:1561: UserWarning: Note that pos_label (set to 'Osmancik') is ignored when average != 'binary' (got 'weighted'). You may use labels=[pos_label] to specify a single positive class.
  warnings.warn(

2026-04-15 12:27:19,437:WARNING:/opt/anaconda3/envs/pycaret_env/lib/python3.10/site-packages/sklearn/metrics/_classification.py:1561: UserWarning: Note that pos_label (set to 'Osmancik') is ignored when average != 'binary' (got 'weighted'). You may use labels=[pos_label] to specify a single positive class.
  warnings.warn(

2026-04-15 12:27:19,438:WARNING:/opt/anaconda3/envs/pycaret_env/lib/python3.10/site-packages/sklearn/metrics/_classification.py:1561: UserWarning: Note that pos_label (set to 'Osmancik') is ignored when average != 'binary' (got 'weighted'). You may use labels=[pos_label] to specify a single positive class.
  warnings.warn(

2026-04-15 12:27:19,449:INFO:Calculating mean and std
2026-04-15 12:27:19,449:INFO:Creating metrics dataframe
2026-04-15 12:27:19,449:INFO:Uploading results into container
2026-04-15 12:27:19,449:INFO:Uploading model into container now
2026-04-15 12:27:19,450:INFO:_master_model_container: 4
2026-04-15 12:27:19,450:INFO:_display_container: 2
2026-04-15 12:27:19,450:INFO:DecisionTreeClassifier(ccp_alpha=0.0, class_weight=None, criterion='gini',
                       max_depth=None, max_features=None, max_leaf_nodes=None,
                       min_impurity_decrease=0.0, min_samples_leaf=1,
                       min_samples_split=2, min_weight_fraction_leaf=0.0,
                       monotonic_cst=None, random_state=42, splitter='best')
2026-04-15 12:27:19,450:INFO:create_model() successfully completed......................................
2026-04-15 12:27:19,477:INFO:SubProcess create_model() end ==================================
2026-04-15 12:27:19,477:INFO:Creating metrics dataframe
2026-04-15 12:27:19,478:INFO:Initializing SVM - Linear Kernel
2026-04-15 12:27:19,478:INFO:Total runtime is 0.04744538466135661 minutes
2026-04-15 12:27:19,478:INFO:SubProcess create_model() called ==================================
2026-04-15 12:27:19,478:INFO:Initializing create_model()
2026-04-15 12:27:19,478:INFO:create_model(self=<pycaret.classification.oop.ClassificationExperiment object at 0x1055cfd90>, estimator=svm, fold=StratifiedKFold(n_splits=10, random_state=None, shuffle=False), round=4, cross_validation=True, predict=True, fit_kwargs={}, groups=None, refit=False, probability_threshold=None, experiment_custom_tags=None, verbose=False, system=False, add_to_model_list=True, metrics=None, display=<pycaret.internal.display.display.CommonDisplay object at 0x16b37aad0>, model_only=True, return_train_score=False, error_score=0.0, kwargs={})
2026-04-15 12:27:19,478:INFO:Checking exceptions
2026-04-15 12:27:19,478:INFO:Importing libraries
2026-04-15 12:27:19,478:INFO:Copying training dataset
2026-04-15 12:27:19,480:INFO:Defining folds
2026-04-15 12:27:19,480:INFO:Declaring metric variables
2026-04-15 12:27:19,480:INFO:Importing untrained model
2026-04-15 12:27:19,480:INFO:SVM - Linear Kernel Imported successfully
2026-04-15 12:27:19,480:INFO:Starting cross validation
2026-04-15 12:27:19,480:INFO:Cross validating with StratifiedKFold(n_splits=10, random_state=None, shuffle=False), n_jobs=-1
2026-04-15 12:27:19,495:WARNING:/opt/anaconda3/envs/pycaret_env/lib/python3.10/site-packages/sklearn/metrics/_classification.py:1561: UserWarning: Note that pos_label (set to 'Osmancik') is ignored when average != 'binary' (got 'weighted'). You may use labels=[pos_label] to specify a single positive class.
  warnings.warn(

2026-04-15 12:27:19,496:WARNING:/opt/anaconda3/envs/pycaret_env/lib/python3.10/site-packages/sklearn/metrics/_classification.py:1561: UserWarning: Note that pos_label (set to 'Osmancik') is ignored when average != 'binary' (got 'weighted'). You may use labels=[pos_label] to specify a single positive class.
  warnings.warn(

2026-04-15 12:27:19,497:WARNING:/opt/anaconda3/envs/pycaret_env/lib/python3.10/site-packages/sklearn/metrics/_classification.py:1561: UserWarning: Note that pos_label (set to 'Osmancik') is ignored when average != 'binary' (got 'weighted'). You may use labels=[pos_label] to specify a single positive class.
  warnings.warn(

2026-04-15 12:27:19,497:WARNING:/opt/anaconda3/envs/pycaret_env/lib/python3.10/site-packages/sklearn/metrics/_classification.py:1561: UserWarning: Note that pos_label (set to 'Osmancik') is ignored when average != 'binary' (got 'weighted'). You may use labels=[pos_label] to specify a single positive class.
  warnings.warn(

2026-04-15 12:27:19,498:WARNING:/opt/anaconda3/envs/pycaret_env/lib/python3.10/site-packages/sklearn/metrics/_classification.py:1561: UserWarning: Note that pos_label (set to 'Osmancik') is ignored when average != 'binary' (got 'weighted'). You may use labels=[pos_label] to specify a single positive class.
  warnings.warn(

2026-04-15 12:27:19,498:WARNING:/opt/anaconda3/envs/pycaret_env/lib/python3.10/site-packages/sklearn/metrics/_classification.py:1561: UserWarning: Note that pos_label (set to 'Osmancik') is ignored when average != 'binary' (got 'weighted'). You may use labels=[pos_label] to specify a single positive class.
  warnings.warn(

2026-04-15 12:27:19,500:WARNING:/opt/anaconda3/envs/pycaret_env/lib/python3.10/site-packages/sklearn/metrics/_classification.py:1561: UserWarning: Note that pos_label (set to 'Osmancik') is ignored when average != 'binary' (got 'weighted'). You may use labels=[pos_label] to specify a single positive class.
  warnings.warn(

2026-04-15 12:27:19,502:WARNING:/opt/anaconda3/envs/pycaret_env/lib/python3.10/site-packages/sklearn/metrics/_classification.py:1561: UserWarning: Note that pos_label (set to 'Osmancik') is ignored when average != 'binary' (got 'weighted'). You may use labels=[pos_label] to specify a single positive class.
  warnings.warn(

2026-04-15 12:27:19,503:WARNING:/opt/anaconda3/envs/pycaret_env/lib/python3.10/site-packages/sklearn/metrics/_classification.py:1561: UserWarning: Note that pos_label (set to 'Osmancik') is ignored when average != 'binary' (got 'weighted'). You may use labels=[pos_label] to specify a single positive class.
  warnings.warn(

2026-04-15 12:27:19,503:WARNING:/opt/anaconda3/envs/pycaret_env/lib/python3.10/site-packages/sklearn/metrics/_classification.py:1561: UserWarning: Note that pos_label (set to 'Osmancik') is ignored when average != 'binary' (got 'weighted'). You may use labels=[pos_label] to specify a single positive class.
  warnings.warn(

2026-04-15 12:27:19,503:WARNING:/opt/anaconda3/envs/pycaret_env/lib/python3.10/site-packages/sklearn/metrics/_classification.py:1561: UserWarning: Note that pos_label (set to 'Osmancik') is ignored when average != 'binary' (got 'weighted'). You may use labels=[pos_label] to specify a single positive class.
  warnings.warn(

2026-04-15 12:27:19,505:WARNING:/opt/anaconda3/envs/pycaret_env/lib/python3.10/site-packages/sklearn/metrics/_classification.py:1561: UserWarning: Note that pos_label (set to 'Osmancik') is ignored when average != 'binary' (got 'weighted'). You may use labels=[pos_label] to specify a single positive class.
  warnings.warn(

2026-04-15 12:27:19,505:WARNING:/opt/anaconda3/envs/pycaret_env/lib/python3.10/site-packages/sklearn/metrics/_classification.py:1561: UserWarning: Note that pos_label (set to 'Osmancik') is ignored when average != 'binary' (got 'weighted'). You may use labels=[pos_label] to specify a single positive class.
  warnings.warn(

2026-04-15 12:27:19,506:WARNING:/opt/anaconda3/envs/pycaret_env/lib/python3.10/site-packages/sklearn/metrics/_classification.py:1561: UserWarning: Note that pos_label (set to 'Osmancik') is ignored when average != 'binary' (got 'weighted'). You may use labels=[pos_label] to specify a single positive class.
  warnings.warn(

2026-04-15 12:27:19,508:WARNING:/opt/anaconda3/envs/pycaret_env/lib/python3.10/site-packages/sklearn/metrics/_classification.py:1561: UserWarning: Note that pos_label (set to 'Osmancik') is ignored when average != 'binary' (got 'weighted'). You may use labels=[pos_label] to specify a single positive class.
  warnings.warn(

2026-04-15 12:27:19,508:WARNING:/opt/anaconda3/envs/pycaret_env/lib/python3.10/site-packages/sklearn/metrics/_classification.py:1561: UserWarning: Note that pos_label (set to 'Osmancik') is ignored when average != 'binary' (got 'weighted'). You may use labels=[pos_label] to specify a single positive class.
  warnings.warn(

2026-04-15 12:27:19,509:WARNING:/opt/anaconda3/envs/pycaret_env/lib/python3.10/site-packages/sklearn/metrics/_classification.py:1561: UserWarning: Note that pos_label (set to 'Osmancik') is ignored when average != 'binary' (got 'weighted'). You may use labels=[pos_label] to specify a single positive class.
  warnings.warn(

2026-04-15 12:27:19,509:WARNING:/opt/anaconda3/envs/pycaret_env/lib/python3.10/site-packages/sklearn/metrics/_classification.py:1561: UserWarning: Note that pos_label (set to 'Osmancik') is ignored when average != 'binary' (got 'weighted'). You may use labels=[pos_label] to specify a single positive class.
  warnings.warn(

2026-04-15 12:27:19,510:WARNING:/opt/anaconda3/envs/pycaret_env/lib/python3.10/site-packages/sklearn/metrics/_classification.py:1561: UserWarning: Note that pos_label (set to 'Osmancik') is ignored when average != 'binary' (got 'weighted'). You may use labels=[pos_label] to specify a single positive class.
  warnings.warn(

2026-04-15 12:27:19,510:WARNING:/opt/anaconda3/envs/pycaret_env/lib/python3.10/site-packages/sklearn/metrics/_classification.py:1561: UserWarning: Note that pos_label (set to 'Osmancik') is ignored when average != 'binary' (got 'weighted'). You may use labels=[pos_label] to specify a single positive class.
  warnings.warn(

2026-04-15 12:27:19,511:WARNING:/opt/anaconda3/envs/pycaret_env/lib/python3.10/site-packages/sklearn/metrics/_classification.py:1561: UserWarning: Note that pos_label (set to 'Osmancik') is ignored when average != 'binary' (got 'weighted'). You may use labels=[pos_label] to specify a single positive class.
  warnings.warn(

2026-04-15 12:27:19,512:WARNING:/opt/anaconda3/envs/pycaret_env/lib/python3.10/site-packages/sklearn/metrics/_classification.py:1561: UserWarning: Note that pos_label (set to 'Osmancik') is ignored when average != 'binary' (got 'weighted'). You may use labels=[pos_label] to specify a single positive class.
  warnings.warn(

2026-04-15 12:27:19,513:WARNING:/opt/anaconda3/envs/pycaret_env/lib/python3.10/site-packages/sklearn/metrics/_classification.py:1561: UserWarning: Note that pos_label (set to 'Osmancik') is ignored when average != 'binary' (got 'weighted'). You may use labels=[pos_label] to specify a single positive class.
  warnings.warn(

2026-04-15 12:27:19,514:WARNING:/opt/anaconda3/envs/pycaret_env/lib/python3.10/site-packages/sklearn/metrics/_classification.py:1561: UserWarning: Note that pos_label (set to 'Osmancik') is ignored when average != 'binary' (got 'weighted'). You may use labels=[pos_label] to specify a single positive class.
  warnings.warn(

2026-04-15 12:27:19,514:WARNING:/opt/anaconda3/envs/pycaret_env/lib/python3.10/site-packages/sklearn/metrics/_classification.py:1561: UserWarning: Note that pos_label (set to 'Osmancik') is ignored when average != 'binary' (got 'weighted'). You may use labels=[pos_label] to specify a single positive class.
  warnings.warn(

2026-04-15 12:27:19,515:WARNING:/opt/anaconda3/envs/pycaret_env/lib/python3.10/site-packages/sklearn/metrics/_classification.py:1561: UserWarning: Note that pos_label (set to 'Osmancik') is ignored when average != 'binary' (got 'weighted'). You may use labels=[pos_label] to specify a single positive class.
  warnings.warn(

2026-04-15 12:27:19,515:WARNING:/opt/anaconda3/envs/pycaret_env/lib/python3.10/site-packages/sklearn/metrics/_classification.py:1561: UserWarning: Note that pos_label (set to 'Osmancik') is ignored when average != 'binary' (got 'weighted'). You may use labels=[pos_label] to specify a single positive class.
  warnings.warn(

2026-04-15 12:27:19,516:WARNING:/opt/anaconda3/envs/pycaret_env/lib/python3.10/site-packages/sklearn/metrics/_classification.py:1561: UserWarning: Note that pos_label (set to 'Osmancik') is ignored when average != 'binary' (got 'weighted'). You may use labels=[pos_label] to specify a single positive class.
  warnings.warn(

2026-04-15 12:27:19,517:WARNING:/opt/anaconda3/envs/pycaret_env/lib/python3.10/site-packages/sklearn/metrics/_classification.py:1561: UserWarning: Note that pos_label (set to 'Osmancik') is ignored when average != 'binary' (got 'weighted'). You may use labels=[pos_label] to specify a single positive class.
  warnings.warn(

2026-04-15 12:27:19,518:WARNING:/opt/anaconda3/envs/pycaret_env/lib/python3.10/site-packages/sklearn/metrics/_classification.py:1561: UserWarning: Note that pos_label (set to 'Osmancik') is ignored when average != 'binary' (got 'weighted'). You may use labels=[pos_label] to specify a single positive class.
  warnings.warn(

2026-04-15 12:27:19,522:INFO:Calculating mean and std
2026-04-15 12:27:19,522:INFO:Creating metrics dataframe
2026-04-15 12:27:19,523:INFO:Uploading results into container
2026-04-15 12:27:19,523:INFO:Uploading model into container now
2026-04-15 12:27:19,523:INFO:_master_model_container: 5
2026-04-15 12:27:19,523:INFO:_display_container: 2
2026-04-15 12:27:19,523:INFO:SGDClassifier(alpha=0.0001, average=False, class_weight=None,
              early_stopping=False, epsilon=0.1, eta0=0.001, fit_intercept=True,
              l1_ratio=0.15, learning_rate='optimal', loss='hinge',
              max_iter=1000, n_iter_no_change=5, n_jobs=-1, penalty='l2',
              power_t=0.5, random_state=42, shuffle=True, tol=0.001,
              validation_fraction=0.1, verbose=0, warm_start=False)
2026-04-15 12:27:19,523:INFO:create_model() successfully completed......................................
2026-04-15 12:27:19,556:INFO:SubProcess create_model() end ==================================
2026-04-15 12:27:19,556:INFO:Creating metrics dataframe
2026-04-15 12:27:19,557:INFO:Initializing Ridge Classifier
2026-04-15 12:27:19,557:INFO:Total runtime is 0.04875337282816569 minutes
2026-04-15 12:27:19,557:INFO:SubProcess create_model() called ==================================
2026-04-15 12:27:19,557:INFO:Initializing create_model()
2026-04-15 12:27:19,557:INFO:create_model(self=<pycaret.classification.oop.ClassificationExperiment object at 0x1055cfd90>, estimator=ridge, fold=StratifiedKFold(n_splits=10, random_state=None, shuffle=False), round=4, cross_validation=True, predict=True, fit_kwargs={}, groups=None, refit=False, probability_threshold=None, experiment_custom_tags=None, verbose=False, system=False, add_to_model_list=True, metrics=None, display=<pycaret.internal.display.display.CommonDisplay object at 0x16b37aad0>, model_only=True, return_train_score=False, error_score=0.0, kwargs={})
2026-04-15 12:27:19,557:INFO:Checking exceptions
2026-04-15 12:27:19,557:INFO:Importing libraries
2026-04-15 12:27:19,557:INFO:Copying training dataset
2026-04-15 12:27:19,558:INFO:Defining folds
2026-04-15 12:27:19,558:INFO:Declaring metric variables
2026-04-15 12:27:19,558:INFO:Importing untrained model
2026-04-15 12:27:19,558:INFO:Ridge Classifier Imported successfully
2026-04-15 12:27:19,558:INFO:Starting cross validation
2026-04-15 12:27:19,559:INFO:Cross validating with StratifiedKFold(n_splits=10, random_state=None, shuffle=False), n_jobs=-1
2026-04-15 12:27:19,576:WARNING:/opt/anaconda3/envs/pycaret_env/lib/python3.10/site-packages/sklearn/metrics/_classification.py:1561: UserWarning: Note that pos_label (set to 'Osmancik') is ignored when average != 'binary' (got 'weighted'). You may use labels=[pos_label] to specify a single positive class.
  warnings.warn(

2026-04-15 12:27:19,576:WARNING:/opt/anaconda3/envs/pycaret_env/lib/python3.10/site-packages/sklearn/metrics/_classification.py:1561: UserWarning: Note that pos_label (set to 'Osmancik') is ignored when average != 'binary' (got 'weighted'). You may use labels=[pos_label] to specify a single positive class.
  warnings.warn(

2026-04-15 12:27:19,577:WARNING:/opt/anaconda3/envs/pycaret_env/lib/python3.10/site-packages/sklearn/metrics/_classification.py:1561: UserWarning: Note that pos_label (set to 'Osmancik') is ignored when average != 'binary' (got 'weighted'). You may use labels=[pos_label] to specify a single positive class.
  warnings.warn(

2026-04-15 12:27:19,577:WARNING:/opt/anaconda3/envs/pycaret_env/lib/python3.10/site-packages/sklearn/metrics/_classification.py:1561: UserWarning: Note that pos_label (set to 'Osmancik') is ignored when average != 'binary' (got 'weighted'). You may use labels=[pos_label] to specify a single positive class.
  warnings.warn(

2026-04-15 12:27:19,577:WARNING:/opt/anaconda3/envs/pycaret_env/lib/python3.10/site-packages/sklearn/metrics/_classification.py:1561: UserWarning: Note that pos_label (set to 'Osmancik') is ignored when average != 'binary' (got 'weighted'). You may use labels=[pos_label] to specify a single positive class.
  warnings.warn(

2026-04-15 12:27:19,578:WARNING:/opt/anaconda3/envs/pycaret_env/lib/python3.10/site-packages/sklearn/metrics/_classification.py:1561: UserWarning: Note that pos_label (set to 'Osmancik') is ignored when average != 'binary' (got 'weighted'). You may use labels=[pos_label] to specify a single positive class.
  warnings.warn(

2026-04-15 12:27:19,578:WARNING:/opt/anaconda3/envs/pycaret_env/lib/python3.10/site-packages/sklearn/metrics/_classification.py:1561: UserWarning: Note that pos_label (set to 'Osmancik') is ignored when average != 'binary' (got 'weighted'). You may use labels=[pos_label] to specify a single positive class.
  warnings.warn(

2026-04-15 12:27:19,579:WARNING:/opt/anaconda3/envs/pycaret_env/lib/python3.10/site-packages/sklearn/metrics/_classification.py:1561: UserWarning: Note that pos_label (set to 'Osmancik') is ignored when average != 'binary' (got 'weighted'). You may use labels=[pos_label] to specify a single positive class.
  warnings.warn(

2026-04-15 12:27:19,579:WARNING:/opt/anaconda3/envs/pycaret_env/lib/python3.10/site-packages/sklearn/metrics/_classification.py:1561: UserWarning: Note that pos_label (set to 'Osmancik') is ignored when average != 'binary' (got 'weighted'). You may use labels=[pos_label] to specify a single positive class.
  warnings.warn(

2026-04-15 12:27:19,579:WARNING:/opt/anaconda3/envs/pycaret_env/lib/python3.10/site-packages/sklearn/metrics/_classification.py:1561: UserWarning: Note that pos_label (set to 'Osmancik') is ignored when average != 'binary' (got 'weighted'). You may use labels=[pos_label] to specify a single positive class.
  warnings.warn(

2026-04-15 12:27:19,581:WARNING:/opt/anaconda3/envs/pycaret_env/lib/python3.10/site-packages/sklearn/metrics/_classification.py:1561: UserWarning: Note that pos_label (set to 'Osmancik') is ignored when average != 'binary' (got 'weighted'). You may use labels=[pos_label] to specify a single positive class.
  warnings.warn(

2026-04-15 12:27:19,583:WARNING:/opt/anaconda3/envs/pycaret_env/lib/python3.10/site-packages/sklearn/metrics/_classification.py:1561: UserWarning: Note that pos_label (set to 'Osmancik') is ignored when average != 'binary' (got 'weighted'). You may use labels=[pos_label] to specify a single positive class.
  warnings.warn(

2026-04-15 12:27:19,585:WARNING:/opt/anaconda3/envs/pycaret_env/lib/python3.10/site-packages/sklearn/metrics/_classification.py:1561: UserWarning: Note that pos_label (set to 'Osmancik') is ignored when average != 'binary' (got 'weighted'). You may use labels=[pos_label] to specify a single positive class.
  warnings.warn(

2026-04-15 12:27:19,587:WARNING:/opt/anaconda3/envs/pycaret_env/lib/python3.10/site-packages/sklearn/metrics/_classification.py:1561: UserWarning: Note that pos_label (set to 'Osmancik') is ignored when average != 'binary' (got 'weighted'). You may use labels=[pos_label] to specify a single positive class.
  warnings.warn(

2026-04-15 12:27:19,588:WARNING:/opt/anaconda3/envs/pycaret_env/lib/python3.10/site-packages/sklearn/metrics/_classification.py:1561: UserWarning: Note that pos_label (set to 'Osmancik') is ignored when average != 'binary' (got 'weighted'). You may use labels=[pos_label] to specify a single positive class.
  warnings.warn(

2026-04-15 12:27:19,589:WARNING:/opt/anaconda3/envs/pycaret_env/lib/python3.10/site-packages/sklearn/metrics/_classification.py:1561: UserWarning: Note that pos_label (set to 'Osmancik') is ignored when average != 'binary' (got 'weighted'). You may use labels=[pos_label] to specify a single positive class.
  warnings.warn(

2026-04-15 12:27:19,590:WARNING:/opt/anaconda3/envs/pycaret_env/lib/python3.10/site-packages/sklearn/metrics/_classification.py:1561: UserWarning: Note that pos_label (set to 'Osmancik') is ignored when average != 'binary' (got 'weighted'). You may use labels=[pos_label] to specify a single positive class.
  warnings.warn(

2026-04-15 12:27:19,591:WARNING:/opt/anaconda3/envs/pycaret_env/lib/python3.10/site-packages/sklearn/metrics/_classification.py:1561: UserWarning: Note that pos_label (set to 'Osmancik') is ignored when average != 'binary' (got 'weighted'). You may use labels=[pos_label] to specify a single positive class.
  warnings.warn(

2026-04-15 12:27:19,591:WARNING:/opt/anaconda3/envs/pycaret_env/lib/python3.10/site-packages/sklearn/metrics/_classification.py:1561: UserWarning: Note that pos_label (set to 'Osmancik') is ignored when average != 'binary' (got 'weighted'). You may use labels=[pos_label] to specify a single positive class.
  warnings.warn(

2026-04-15 12:27:19,593:WARNING:/opt/anaconda3/envs/pycaret_env/lib/python3.10/site-packages/sklearn/metrics/_classification.py:1561: UserWarning: Note that pos_label (set to 'Osmancik') is ignored when average != 'binary' (got 'weighted'). You may use labels=[pos_label] to specify a single positive class.
  warnings.warn(

2026-04-15 12:27:19,593:WARNING:/opt/anaconda3/envs/pycaret_env/lib/python3.10/site-packages/sklearn/metrics/_classification.py:1561: UserWarning: Note that pos_label (set to 'Osmancik') is ignored when average != 'binary' (got 'weighted'). You may use labels=[pos_label] to specify a single positive class.
  warnings.warn(

2026-04-15 12:27:19,593:WARNING:/opt/anaconda3/envs/pycaret_env/lib/python3.10/site-packages/sklearn/metrics/_classification.py:1561: UserWarning: Note that pos_label (set to 'Osmancik') is ignored when average != 'binary' (got 'weighted'). You may use labels=[pos_label] to specify a single positive class.
  warnings.warn(

2026-04-15 12:27:19,593:WARNING:/opt/anaconda3/envs/pycaret_env/lib/python3.10/site-packages/sklearn/metrics/_classification.py:1561: UserWarning: Note that pos_label (set to 'Osmancik') is ignored when average != 'binary' (got 'weighted'). You may use labels=[pos_label] to specify a single positive class.
  warnings.warn(

2026-04-15 12:27:19,594:WARNING:/opt/anaconda3/envs/pycaret_env/lib/python3.10/site-packages/sklearn/metrics/_classification.py:1561: UserWarning: Note that pos_label (set to 'Osmancik') is ignored when average != 'binary' (got 'weighted'). You may use labels=[pos_label] to specify a single positive class.
  warnings.warn(

2026-04-15 12:27:19,594:WARNING:/opt/anaconda3/envs/pycaret_env/lib/python3.10/site-packages/sklearn/metrics/_classification.py:1561: UserWarning: Note that pos_label (set to 'Osmancik') is ignored when average != 'binary' (got 'weighted'). You may use labels=[pos_label] to specify a single positive class.
  warnings.warn(

2026-04-15 12:27:19,594:WARNING:/opt/anaconda3/envs/pycaret_env/lib/python3.10/site-packages/sklearn/metrics/_classification.py:1561: UserWarning: Note that pos_label (set to 'Osmancik') is ignored when average != 'binary' (got 'weighted'). You may use labels=[pos_label] to specify a single positive class.
  warnings.warn(

2026-04-15 12:27:19,594:WARNING:/opt/anaconda3/envs/pycaret_env/lib/python3.10/site-packages/sklearn/metrics/_classification.py:1561: UserWarning: Note that pos_label (set to 'Osmancik') is ignored when average != 'binary' (got 'weighted'). You may use labels=[pos_label] to specify a single positive class.
  warnings.warn(

2026-04-15 12:27:19,595:WARNING:/opt/anaconda3/envs/pycaret_env/lib/python3.10/site-packages/sklearn/metrics/_classification.py:1561: UserWarning: Note that pos_label (set to 'Osmancik') is ignored when average != 'binary' (got 'weighted'). You may use labels=[pos_label] to specify a single positive class.
  warnings.warn(

2026-04-15 12:27:19,596:WARNING:/opt/anaconda3/envs/pycaret_env/lib/python3.10/site-packages/sklearn/metrics/_classification.py:1561: UserWarning: Note that pos_label (set to 'Osmancik') is ignored when average != 'binary' (got 'weighted'). You may use labels=[pos_label] to specify a single positive class.
  warnings.warn(

2026-04-15 12:27:19,596:WARNING:/opt/anaconda3/envs/pycaret_env/lib/python3.10/site-packages/sklearn/metrics/_classification.py:1561: UserWarning: Note that pos_label (set to 'Osmancik') is ignored when average != 'binary' (got 'weighted'). You may use labels=[pos_label] to specify a single positive class.
  warnings.warn(

2026-04-15 12:27:19,600:INFO:Calculating mean and std
2026-04-15 12:27:19,601:INFO:Creating metrics dataframe
2026-04-15 12:27:19,601:INFO:Uploading results into container
2026-04-15 12:27:19,601:INFO:Uploading model into container now
2026-04-15 12:27:19,601:INFO:_master_model_container: 6
2026-04-15 12:27:19,601:INFO:_display_container: 2
2026-04-15 12:27:19,602:INFO:RidgeClassifier(alpha=1.0, class_weight=None, copy_X=True, fit_intercept=True,
                max_iter=None, positive=False, random_state=42, solver='auto',
                tol=0.0001)
2026-04-15 12:27:19,602:INFO:create_model() successfully completed......................................
2026-04-15 12:27:19,630:INFO:SubProcess create_model() end ==================================
2026-04-15 12:27:19,630:INFO:Creating metrics dataframe
2026-04-15 12:27:19,631:INFO:Initializing Random Forest Classifier
2026-04-15 12:27:19,631:INFO:Total runtime is 0.049985400835673016 minutes
2026-04-15 12:27:19,631:INFO:SubProcess create_model() called ==================================
2026-04-15 12:27:19,631:INFO:Initializing create_model()
2026-04-15 12:27:19,631:INFO:create_model(self=<pycaret.classification.oop.ClassificationExperiment object at 0x1055cfd90>, estimator=rf, fold=StratifiedKFold(n_splits=10, random_state=None, shuffle=False), round=4, cross_validation=True, predict=True, fit_kwargs={}, groups=None, refit=False, probability_threshold=None, experiment_custom_tags=None, verbose=False, system=False, add_to_model_list=True, metrics=None, display=<pycaret.internal.display.display.CommonDisplay object at 0x16b37aad0>, model_only=True, return_train_score=False, error_score=0.0, kwargs={})
2026-04-15 12:27:19,631:INFO:Checking exceptions
2026-04-15 12:27:19,631:INFO:Importing libraries
2026-04-15 12:27:19,631:INFO:Copying training dataset
2026-04-15 12:27:19,632:INFO:Defining folds
2026-04-15 12:27:19,632:INFO:Declaring metric variables
2026-04-15 12:27:19,632:INFO:Importing untrained model
2026-04-15 12:27:19,632:INFO:Random Forest Classifier Imported successfully
2026-04-15 12:27:19,632:INFO:Starting cross validation
2026-04-15 12:27:19,633:INFO:Cross validating with StratifiedKFold(n_splits=10, random_state=None, shuffle=False), n_jobs=-1
2026-04-15 12:27:19,932:WARNING:/opt/anaconda3/envs/pycaret_env/lib/python3.10/site-packages/sklearn/metrics/_classification.py:1561: UserWarning: Note that pos_label (set to 'Osmancik') is ignored when average != 'binary' (got 'weighted'). You may use labels=[pos_label] to specify a single positive class.
  warnings.warn(

2026-04-15 12:27:19,933:WARNING:/opt/anaconda3/envs/pycaret_env/lib/python3.10/site-packages/sklearn/metrics/_classification.py:1561: UserWarning: Note that pos_label (set to 'Osmancik') is ignored when average != 'binary' (got 'weighted'). You may use labels=[pos_label] to specify a single positive class.
  warnings.warn(

2026-04-15 12:27:19,934:WARNING:/opt/anaconda3/envs/pycaret_env/lib/python3.10/site-packages/sklearn/metrics/_classification.py:1561: UserWarning: Note that pos_label (set to 'Osmancik') is ignored when average != 'binary' (got 'weighted'). You may use labels=[pos_label] to specify a single positive class.
  warnings.warn(

2026-04-15 12:27:19,935:WARNING:/opt/anaconda3/envs/pycaret_env/lib/python3.10/site-packages/sklearn/metrics/_classification.py:1561: UserWarning: Note that pos_label (set to 'Osmancik') is ignored when average != 'binary' (got 'weighted'). You may use labels=[pos_label] to specify a single positive class.
  warnings.warn(

2026-04-15 12:27:19,935:WARNING:/opt/anaconda3/envs/pycaret_env/lib/python3.10/site-packages/sklearn/metrics/_classification.py:1561: UserWarning: Note that pos_label (set to 'Osmancik') is ignored when average != 'binary' (got 'weighted'). You may use labels=[pos_label] to specify a single positive class.
  warnings.warn(

2026-04-15 12:27:19,936:WARNING:/opt/anaconda3/envs/pycaret_env/lib/python3.10/site-packages/sklearn/metrics/_classification.py:1561: UserWarning: Note that pos_label (set to 'Osmancik') is ignored when average != 'binary' (got 'weighted'). You may use labels=[pos_label] to specify a single positive class.
  warnings.warn(

2026-04-15 12:27:19,939:WARNING:/opt/anaconda3/envs/pycaret_env/lib/python3.10/site-packages/sklearn/metrics/_classification.py:1561: UserWarning: Note that pos_label (set to 'Osmancik') is ignored when average != 'binary' (got 'weighted'). You may use labels=[pos_label] to specify a single positive class.
  warnings.warn(

2026-04-15 12:27:19,939:WARNING:/opt/anaconda3/envs/pycaret_env/lib/python3.10/site-packages/sklearn/metrics/_classification.py:1561: UserWarning: Note that pos_label (set to 'Osmancik') is ignored when average != 'binary' (got 'weighted'). You may use labels=[pos_label] to specify a single positive class.
  warnings.warn(

2026-04-15 12:27:19,940:WARNING:/opt/anaconda3/envs/pycaret_env/lib/python3.10/site-packages/sklearn/metrics/_classification.py:1561: UserWarning: Note that pos_label (set to 'Osmancik') is ignored when average != 'binary' (got 'weighted'). You may use labels=[pos_label] to specify a single positive class.
  warnings.warn(

2026-04-15 12:27:19,940:WARNING:/opt/anaconda3/envs/pycaret_env/lib/python3.10/site-packages/sklearn/metrics/_classification.py:1561: UserWarning: Note that pos_label (set to 'Osmancik') is ignored when average != 'binary' (got 'weighted'). You may use labels=[pos_label] to specify a single positive class.
  warnings.warn(

2026-04-15 12:27:19,941:WARNING:/opt/anaconda3/envs/pycaret_env/lib/python3.10/site-packages/sklearn/metrics/_classification.py:1561: UserWarning: Note that pos_label (set to 'Osmancik') is ignored when average != 'binary' (got 'weighted'). You may use labels=[pos_label] to specify a single positive class.
  warnings.warn(

2026-04-15 12:27:19,942:WARNING:/opt/anaconda3/envs/pycaret_env/lib/python3.10/site-packages/sklearn/metrics/_classification.py:1561: UserWarning: Note that pos_label (set to 'Osmancik') is ignored when average != 'binary' (got 'weighted'). You may use labels=[pos_label] to specify a single positive class.
  warnings.warn(

2026-04-15 12:27:19,966:WARNING:/opt/anaconda3/envs/pycaret_env/lib/python3.10/site-packages/sklearn/metrics/_classification.py:1561: UserWarning: Note that pos_label (set to 'Osmancik') is ignored when average != 'binary' (got 'weighted'). You may use labels=[pos_label] to specify a single positive class.
  warnings.warn(

2026-04-15 12:27:19,967:WARNING:/opt/anaconda3/envs/pycaret_env/lib/python3.10/site-packages/sklearn/metrics/_classification.py:1561: UserWarning: Note that pos_label (set to 'Osmancik') is ignored when average != 'binary' (got 'weighted'). You may use labels=[pos_label] to specify a single positive class.
  warnings.warn(

2026-04-15 12:27:19,969:WARNING:/opt/anaconda3/envs/pycaret_env/lib/python3.10/site-packages/sklearn/metrics/_classification.py:1561: UserWarning: Note that pos_label (set to 'Osmancik') is ignored when average != 'binary' (got 'weighted'). You may use labels=[pos_label] to specify a single positive class.
  warnings.warn(

2026-04-15 12:27:19,993:WARNING:/opt/anaconda3/envs/pycaret_env/lib/python3.10/site-packages/sklearn/metrics/_classification.py:1561: UserWarning: Note that pos_label (set to 'Osmancik') is ignored when average != 'binary' (got 'weighted'). You may use labels=[pos_label] to specify a single positive class.
  warnings.warn(

2026-04-15 12:27:19,994:WARNING:/opt/anaconda3/envs/pycaret_env/lib/python3.10/site-packages/sklearn/metrics/_classification.py:1561: UserWarning: Note that pos_label (set to 'Osmancik') is ignored when average != 'binary' (got 'weighted'). You may use labels=[pos_label] to specify a single positive class.
  warnings.warn(

2026-04-15 12:27:19,995:WARNING:/opt/anaconda3/envs/pycaret_env/lib/python3.10/site-packages/sklearn/metrics/_classification.py:1561: UserWarning: Note that pos_label (set to 'Osmancik') is ignored when average != 'binary' (got 'weighted'). You may use labels=[pos_label] to specify a single positive class.
  warnings.warn(

2026-04-15 12:27:19,996:WARNING:/opt/anaconda3/envs/pycaret_env/lib/python3.10/site-packages/sklearn/metrics/_classification.py:1561: UserWarning: Note that pos_label (set to 'Osmancik') is ignored when average != 'binary' (got 'weighted'). You may use labels=[pos_label] to specify a single positive class.
  warnings.warn(

2026-04-15 12:27:19,996:WARNING:/opt/anaconda3/envs/pycaret_env/lib/python3.10/site-packages/sklearn/metrics/_classification.py:1561: UserWarning: Note that pos_label (set to 'Osmancik') is ignored when average != 'binary' (got 'weighted'). You may use labels=[pos_label] to specify a single positive class.
  warnings.warn(

2026-04-15 12:27:19,997:WARNING:/opt/anaconda3/envs/pycaret_env/lib/python3.10/site-packages/sklearn/metrics/_classification.py:1561: UserWarning: Note that pos_label (set to 'Osmancik') is ignored when average != 'binary' (got 'weighted'). You may use labels=[pos_label] to specify a single positive class.
  warnings.warn(

2026-04-15 12:27:19,998:WARNING:/opt/anaconda3/envs/pycaret_env/lib/python3.10/site-packages/sklearn/metrics/_classification.py:1561: UserWarning: Note that pos_label (set to 'Osmancik') is ignored when average != 'binary' (got 'weighted'). You may use labels=[pos_label] to specify a single positive class.
  warnings.warn(

2026-04-15 12:27:19,998:WARNING:/opt/anaconda3/envs/pycaret_env/lib/python3.10/site-packages/sklearn/metrics/_classification.py:1561: UserWarning: Note that pos_label (set to 'Osmancik') is ignored when average != 'binary' (got 'weighted'). You may use labels=[pos_label] to specify a single positive class.
  warnings.warn(

2026-04-15 12:27:19,999:WARNING:/opt/anaconda3/envs/pycaret_env/lib/python3.10/site-packages/sklearn/metrics/_classification.py:1561: UserWarning: Note that pos_label (set to 'Osmancik') is ignored when average != 'binary' (got 'weighted'). You may use labels=[pos_label] to specify a single positive class.
  warnings.warn(

2026-04-15 12:27:20,000:WARNING:/opt/anaconda3/envs/pycaret_env/lib/python3.10/site-packages/sklearn/metrics/_classification.py:1561: UserWarning: Note that pos_label (set to 'Osmancik') is ignored when average != 'binary' (got 'weighted'). You may use labels=[pos_label] to specify a single positive class.
  warnings.warn(

2026-04-15 12:27:20,000:WARNING:/opt/anaconda3/envs/pycaret_env/lib/python3.10/site-packages/sklearn/metrics/_classification.py:1561: UserWarning: Note that pos_label (set to 'Osmancik') is ignored when average != 'binary' (got 'weighted'). You may use labels=[pos_label] to specify a single positive class.
  warnings.warn(

2026-04-15 12:27:20,001:WARNING:/opt/anaconda3/envs/pycaret_env/lib/python3.10/site-packages/sklearn/metrics/_classification.py:1561: UserWarning: Note that pos_label (set to 'Osmancik') is ignored when average != 'binary' (got 'weighted'). You may use labels=[pos_label] to specify a single positive class.
  warnings.warn(

2026-04-15 12:27:20,001:WARNING:/opt/anaconda3/envs/pycaret_env/lib/python3.10/site-packages/sklearn/metrics/_classification.py:1561: UserWarning: Note that pos_label (set to 'Osmancik') is ignored when average != 'binary' (got 'weighted'). You may use labels=[pos_label] to specify a single positive class.
  warnings.warn(

2026-04-15 12:27:20,002:WARNING:/opt/anaconda3/envs/pycaret_env/lib/python3.10/site-packages/sklearn/metrics/_classification.py:1561: UserWarning: Note that pos_label (set to 'Osmancik') is ignored when average != 'binary' (got 'weighted'). You may use labels=[pos_label] to specify a single positive class.
  warnings.warn(

2026-04-15 12:27:20,003:WARNING:/opt/anaconda3/envs/pycaret_env/lib/python3.10/site-packages/sklearn/metrics/_classification.py:1561: UserWarning: Note that pos_label (set to 'Osmancik') is ignored when average != 'binary' (got 'weighted'). You may use labels=[pos_label] to specify a single positive class.
  warnings.warn(

2026-04-15 12:27:20,012:INFO:Calculating mean and std
2026-04-15 12:27:20,012:INFO:Creating metrics dataframe
2026-04-15 12:27:20,013:INFO:Uploading results into container
2026-04-15 12:27:20,013:INFO:Uploading model into container now
2026-04-15 12:27:20,013:INFO:_master_model_container: 7
2026-04-15 12:27:20,013:INFO:_display_container: 2
2026-04-15 12:27:20,014:INFO:RandomForestClassifier(bootstrap=True, ccp_alpha=0.0, class_weight=None,
                       criterion='gini', max_depth=None, max_features='sqrt',
                       max_leaf_nodes=None, max_samples=None,
                       min_impurity_decrease=0.0, min_samples_leaf=1,
                       min_samples_split=2, min_weight_fraction_leaf=0.0,
                       monotonic_cst=None, n_estimators=100, n_jobs=-1,
                       oob_score=False, random_state=42, verbose=0,
                       warm_start=False)
2026-04-15 12:27:20,014:INFO:create_model() successfully completed......................................
2026-04-15 12:27:20,042:INFO:SubProcess create_model() end ==================================
2026-04-15 12:27:20,042:INFO:Creating metrics dataframe
2026-04-15 12:27:20,043:INFO:Initializing Quadratic Discriminant Analysis
2026-04-15 12:27:20,043:INFO:Total runtime is 0.05686403512954712 minutes
2026-04-15 12:27:20,043:INFO:SubProcess create_model() called ==================================
2026-04-15 12:27:20,043:INFO:Initializing create_model()
2026-04-15 12:27:20,044:INFO:create_model(self=<pycaret.classification.oop.ClassificationExperiment object at 0x1055cfd90>, estimator=qda, fold=StratifiedKFold(n_splits=10, random_state=None, shuffle=False), round=4, cross_validation=True, predict=True, fit_kwargs={}, groups=None, refit=False, probability_threshold=None, experiment_custom_tags=None, verbose=False, system=False, add_to_model_list=True, metrics=None, display=<pycaret.internal.display.display.CommonDisplay object at 0x16b37aad0>, model_only=True, return_train_score=False, error_score=0.0, kwargs={})
2026-04-15 12:27:20,044:INFO:Checking exceptions
2026-04-15 12:27:20,044:INFO:Importing libraries
2026-04-15 12:27:20,044:INFO:Copying training dataset
2026-04-15 12:27:20,045:INFO:Defining folds
2026-04-15 12:27:20,045:INFO:Declaring metric variables
2026-04-15 12:27:20,045:INFO:Importing untrained model
2026-04-15 12:27:20,045:INFO:Quadratic Discriminant Analysis Imported successfully
2026-04-15 12:27:20,045:INFO:Starting cross validation
2026-04-15 12:27:20,045:INFO:Cross validating with StratifiedKFold(n_splits=10, random_state=None, shuffle=False), n_jobs=-1
2026-04-15 12:27:20,062:WARNING:/opt/anaconda3/envs/pycaret_env/lib/python3.10/site-packages/sklearn/metrics/_classification.py:1561: UserWarning: Note that pos_label (set to 'Osmancik') is ignored when average != 'binary' (got 'weighted'). You may use labels=[pos_label] to specify a single positive class.
  warnings.warn(

2026-04-15 12:27:20,062:WARNING:/opt/anaconda3/envs/pycaret_env/lib/python3.10/site-packages/sklearn/metrics/_classification.py:1561: UserWarning: Note that pos_label (set to 'Osmancik') is ignored when average != 'binary' (got 'weighted'). You may use labels=[pos_label] to specify a single positive class.
  warnings.warn(

2026-04-15 12:27:20,063:WARNING:/opt/anaconda3/envs/pycaret_env/lib/python3.10/site-packages/sklearn/metrics/_classification.py:1561: UserWarning: Note that pos_label (set to 'Osmancik') is ignored when average != 'binary' (got 'weighted'). You may use labels=[pos_label] to specify a single positive class.
  warnings.warn(

2026-04-15 12:27:20,063:WARNING:/opt/anaconda3/envs/pycaret_env/lib/python3.10/site-packages/sklearn/metrics/_classification.py:1561: UserWarning: Note that pos_label (set to 'Osmancik') is ignored when average != 'binary' (got 'weighted'). You may use labels=[pos_label] to specify a single positive class.
  warnings.warn(

2026-04-15 12:27:20,064:WARNING:/opt/anaconda3/envs/pycaret_env/lib/python3.10/site-packages/sklearn/metrics/_classification.py:1561: UserWarning: Note that pos_label (set to 'Osmancik') is ignored when average != 'binary' (got 'weighted'). You may use labels=[pos_label] to specify a single positive class.
  warnings.warn(

2026-04-15 12:27:20,064:WARNING:/opt/anaconda3/envs/pycaret_env/lib/python3.10/site-packages/sklearn/metrics/_classification.py:1561: UserWarning: Note that pos_label (set to 'Osmancik') is ignored when average != 'binary' (got 'weighted'). You may use labels=[pos_label] to specify a single positive class.
  warnings.warn(

2026-04-15 12:27:20,064:WARNING:/opt/anaconda3/envs/pycaret_env/lib/python3.10/site-packages/sklearn/metrics/_classification.py:1561: UserWarning: Note that pos_label (set to 'Osmancik') is ignored when average != 'binary' (got 'weighted'). You may use labels=[pos_label] to specify a single positive class.
  warnings.warn(

2026-04-15 12:27:20,066:WARNING:/opt/anaconda3/envs/pycaret_env/lib/python3.10/site-packages/sklearn/metrics/_classification.py:1561: UserWarning: Note that pos_label (set to 'Osmancik') is ignored when average != 'binary' (got 'weighted'). You may use labels=[pos_label] to specify a single positive class.
  warnings.warn(

2026-04-15 12:27:20,067:WARNING:/opt/anaconda3/envs/pycaret_env/lib/python3.10/site-packages/sklearn/metrics/_classification.py:1561: UserWarning: Note that pos_label (set to 'Osmancik') is ignored when average != 'binary' (got 'weighted'). You may use labels=[pos_label] to specify a single positive class.
  warnings.warn(

2026-04-15 12:27:20,067:WARNING:/opt/anaconda3/envs/pycaret_env/lib/python3.10/site-packages/sklearn/metrics/_classification.py:1561: UserWarning: Note that pos_label (set to 'Osmancik') is ignored when average != 'binary' (got 'weighted'). You may use labels=[pos_label] to specify a single positive class.
  warnings.warn(

2026-04-15 12:27:20,068:WARNING:/opt/anaconda3/envs/pycaret_env/lib/python3.10/site-packages/sklearn/metrics/_classification.py:1561: UserWarning: Note that pos_label (set to 'Osmancik') is ignored when average != 'binary' (got 'weighted'). You may use labels=[pos_label] to specify a single positive class.
  warnings.warn(

2026-04-15 12:27:20,068:WARNING:/opt/anaconda3/envs/pycaret_env/lib/python3.10/site-packages/sklearn/metrics/_classification.py:1561: UserWarning: Note that pos_label (set to 'Osmancik') is ignored when average != 'binary' (got 'weighted'). You may use labels=[pos_label] to specify a single positive class.
  warnings.warn(

2026-04-15 12:27:20,069:WARNING:/opt/anaconda3/envs/pycaret_env/lib/python3.10/site-packages/sklearn/metrics/_classification.py:1561: UserWarning: Note that pos_label (set to 'Osmancik') is ignored when average != 'binary' (got 'weighted'). You may use labels=[pos_label] to specify a single positive class.
  warnings.warn(

2026-04-15 12:27:20,069:WARNING:/opt/anaconda3/envs/pycaret_env/lib/python3.10/site-packages/sklearn/metrics/_classification.py:1561: UserWarning: Note that pos_label (set to 'Osmancik') is ignored when average != 'binary' (got 'weighted'). You may use labels=[pos_label] to specify a single positive class.
  warnings.warn(

2026-04-15 12:27:20,070:WARNING:/opt/anaconda3/envs/pycaret_env/lib/python3.10/site-packages/sklearn/metrics/_classification.py:1561: UserWarning: Note that pos_label (set to 'Osmancik') is ignored when average != 'binary' (got 'weighted'). You may use labels=[pos_label] to specify a single positive class.
  warnings.warn(

2026-04-15 12:27:20,070:WARNING:/opt/anaconda3/envs/pycaret_env/lib/python3.10/site-packages/sklearn/metrics/_classification.py:1561: UserWarning: Note that pos_label (set to 'Osmancik') is ignored when average != 'binary' (got 'weighted'). You may use labels=[pos_label] to specify a single positive class.
  warnings.warn(

2026-04-15 12:27:20,071:WARNING:/opt/anaconda3/envs/pycaret_env/lib/python3.10/site-packages/sklearn/metrics/_classification.py:1561: UserWarning: Note that pos_label (set to 'Osmancik') is ignored when average != 'binary' (got 'weighted'). You may use labels=[pos_label] to specify a single positive class.
  warnings.warn(

2026-04-15 12:27:20,072:WARNING:/opt/anaconda3/envs/pycaret_env/lib/python3.10/site-packages/sklearn/metrics/_classification.py:1561: UserWarning: Note that pos_label (set to 'Osmancik') is ignored when average != 'binary' (got 'weighted'). You may use labels=[pos_label] to specify a single positive class.
  warnings.warn(

2026-04-15 12:27:20,075:WARNING:/opt/anaconda3/envs/pycaret_env/lib/python3.10/site-packages/sklearn/metrics/_classification.py:1561: UserWarning: Note that pos_label (set to 'Osmancik') is ignored when average != 'binary' (got 'weighted'). You may use labels=[pos_label] to specify a single positive class.
  warnings.warn(

2026-04-15 12:27:20,076:WARNING:/opt/anaconda3/envs/pycaret_env/lib/python3.10/site-packages/sklearn/metrics/_classification.py:1561: UserWarning: Note that pos_label (set to 'Osmancik') is ignored when average != 'binary' (got 'weighted'). You may use labels=[pos_label] to specify a single positive class.
  warnings.warn(

2026-04-15 12:27:20,077:WARNING:/opt/anaconda3/envs/pycaret_env/lib/python3.10/site-packages/sklearn/metrics/_classification.py:1561: UserWarning: Note that pos_label (set to 'Osmancik') is ignored when average != 'binary' (got 'weighted'). You may use labels=[pos_label] to specify a single positive class.
  warnings.warn(

2026-04-15 12:27:20,078:WARNING:/opt/anaconda3/envs/pycaret_env/lib/python3.10/site-packages/sklearn/metrics/_classification.py:1561: UserWarning: Note that pos_label (set to 'Osmancik') is ignored when average != 'binary' (got 'weighted'). You may use labels=[pos_label] to specify a single positive class.
  warnings.warn(

2026-04-15 12:27:20,078:WARNING:/opt/anaconda3/envs/pycaret_env/lib/python3.10/site-packages/sklearn/metrics/_classification.py:1561: UserWarning: Note that pos_label (set to 'Osmancik') is ignored when average != 'binary' (got 'weighted'). You may use labels=[pos_label] to specify a single positive class.
  warnings.warn(

2026-04-15 12:27:20,078:WARNING:/opt/anaconda3/envs/pycaret_env/lib/python3.10/site-packages/sklearn/metrics/_classification.py:1561: UserWarning: Note that pos_label (set to 'Osmancik') is ignored when average != 'binary' (got 'weighted'). You may use labels=[pos_label] to specify a single positive class.
  warnings.warn(

2026-04-15 12:27:20,079:WARNING:/opt/anaconda3/envs/pycaret_env/lib/python3.10/site-packages/sklearn/metrics/_classification.py:1561: UserWarning: Note that pos_label (set to 'Osmancik') is ignored when average != 'binary' (got 'weighted'). You may use labels=[pos_label] to specify a single positive class.
  warnings.warn(

2026-04-15 12:27:20,079:WARNING:/opt/anaconda3/envs/pycaret_env/lib/python3.10/site-packages/sklearn/metrics/_classification.py:1561: UserWarning: Note that pos_label (set to 'Osmancik') is ignored when average != 'binary' (got 'weighted'). You may use labels=[pos_label] to specify a single positive class.
  warnings.warn(

2026-04-15 12:27:20,080:WARNING:/opt/anaconda3/envs/pycaret_env/lib/python3.10/site-packages/sklearn/metrics/_classification.py:1561: UserWarning: Note that pos_label (set to 'Osmancik') is ignored when average != 'binary' (got 'weighted'). You may use labels=[pos_label] to specify a single positive class.
  warnings.warn(

2026-04-15 12:27:20,080:WARNING:/opt/anaconda3/envs/pycaret_env/lib/python3.10/site-packages/sklearn/metrics/_classification.py:1561: UserWarning: Note that pos_label (set to 'Osmancik') is ignored when average != 'binary' (got 'weighted'). You may use labels=[pos_label] to specify a single positive class.
  warnings.warn(

2026-04-15 12:27:20,081:WARNING:/opt/anaconda3/envs/pycaret_env/lib/python3.10/site-packages/sklearn/metrics/_classification.py:1561: UserWarning: Note that pos_label (set to 'Osmancik') is ignored when average != 'binary' (got 'weighted'). You may use labels=[pos_label] to specify a single positive class.
  warnings.warn(

2026-04-15 12:27:20,083:WARNING:/opt/anaconda3/envs/pycaret_env/lib/python3.10/site-packages/sklearn/metrics/_classification.py:1561: UserWarning: Note that pos_label (set to 'Osmancik') is ignored when average != 'binary' (got 'weighted'). You may use labels=[pos_label] to specify a single positive class.
  warnings.warn(

2026-04-15 12:27:20,086:INFO:Calculating mean and std
2026-04-15 12:27:20,086:INFO:Creating metrics dataframe
2026-04-15 12:27:20,087:INFO:Uploading results into container
2026-04-15 12:27:20,087:INFO:Uploading model into container now
2026-04-15 12:27:20,087:INFO:_master_model_container: 8
2026-04-15 12:27:20,087:INFO:_display_container: 2
2026-04-15 12:27:20,087:INFO:QuadraticDiscriminantAnalysis(priors=None, reg_param=0.0,
                              store_covariance=False, tol=0.0001)
2026-04-15 12:27:20,087:INFO:create_model() successfully completed......................................
2026-04-15 12:27:20,117:INFO:SubProcess create_model() end ==================================
2026-04-15 12:27:20,117:INFO:Creating metrics dataframe
2026-04-15 12:27:20,117:INFO:Initializing Ada Boost Classifier
2026-04-15 12:27:20,118:INFO:Total runtime is 0.058099802335103354 minutes
2026-04-15 12:27:20,118:INFO:SubProcess create_model() called ==================================
2026-04-15 12:27:20,118:INFO:Initializing create_model()
2026-04-15 12:27:20,118:INFO:create_model(self=<pycaret.classification.oop.ClassificationExperiment object at 0x1055cfd90>, estimator=ada, fold=StratifiedKFold(n_splits=10, random_state=None, shuffle=False), round=4, cross_validation=True, predict=True, fit_kwargs={}, groups=None, refit=False, probability_threshold=None, experiment_custom_tags=None, verbose=False, system=False, add_to_model_list=True, metrics=None, display=<pycaret.internal.display.display.CommonDisplay object at 0x16b37aad0>, model_only=True, return_train_score=False, error_score=0.0, kwargs={})
2026-04-15 12:27:20,118:INFO:Checking exceptions
2026-04-15 12:27:20,118:INFO:Importing libraries
2026-04-15 12:27:20,118:INFO:Copying training dataset
2026-04-15 12:27:20,119:INFO:Defining folds
2026-04-15 12:27:20,119:INFO:Declaring metric variables
2026-04-15 12:27:20,119:INFO:Importing untrained model
2026-04-15 12:27:20,119:INFO:Ada Boost Classifier Imported successfully
2026-04-15 12:27:20,119:INFO:Starting cross validation
2026-04-15 12:27:20,119:INFO:Cross validating with StratifiedKFold(n_splits=10, random_state=None, shuffle=False), n_jobs=-1
2026-04-15 12:27:20,129:WARNING:/opt/anaconda3/envs/pycaret_env/lib/python3.10/site-packages/sklearn/ensemble/_weight_boosting.py:519: FutureWarning: The SAMME.R algorithm (the default) is deprecated and will be removed in 1.6. Use the SAMME algorithm to circumvent this warning.
  warnings.warn(

2026-04-15 12:27:20,129:WARNING:/opt/anaconda3/envs/pycaret_env/lib/python3.10/site-packages/sklearn/ensemble/_weight_boosting.py:519: FutureWarning: The SAMME.R algorithm (the default) is deprecated and will be removed in 1.6. Use the SAMME algorithm to circumvent this warning.
  warnings.warn(

2026-04-15 12:27:20,130:WARNING:/opt/anaconda3/envs/pycaret_env/lib/python3.10/site-packages/sklearn/ensemble/_weight_boosting.py:519: FutureWarning: The SAMME.R algorithm (the default) is deprecated and will be removed in 1.6. Use the SAMME algorithm to circumvent this warning.
  warnings.warn(

2026-04-15 12:27:20,131:WARNING:/opt/anaconda3/envs/pycaret_env/lib/python3.10/site-packages/sklearn/ensemble/_weight_boosting.py:519: FutureWarning: The SAMME.R algorithm (the default) is deprecated and will be removed in 1.6. Use the SAMME algorithm to circumvent this warning.
  warnings.warn(

2026-04-15 12:27:20,132:WARNING:/opt/anaconda3/envs/pycaret_env/lib/python3.10/site-packages/sklearn/ensemble/_weight_boosting.py:519: FutureWarning: The SAMME.R algorithm (the default) is deprecated and will be removed in 1.6. Use the SAMME algorithm to circumvent this warning.
  warnings.warn(

2026-04-15 12:27:20,140:WARNING:/opt/anaconda3/envs/pycaret_env/lib/python3.10/site-packages/sklearn/ensemble/_weight_boosting.py:519: FutureWarning: The SAMME.R algorithm (the default) is deprecated and will be removed in 1.6. Use the SAMME algorithm to circumvent this warning.
  warnings.warn(

2026-04-15 12:27:20,143:WARNING:/opt/anaconda3/envs/pycaret_env/lib/python3.10/site-packages/sklearn/ensemble/_weight_boosting.py:519: FutureWarning: The SAMME.R algorithm (the default) is deprecated and will be removed in 1.6. Use the SAMME algorithm to circumvent this warning.
  warnings.warn(

2026-04-15 12:27:20,145:WARNING:/opt/anaconda3/envs/pycaret_env/lib/python3.10/site-packages/sklearn/ensemble/_weight_boosting.py:519: FutureWarning: The SAMME.R algorithm (the default) is deprecated and will be removed in 1.6. Use the SAMME algorithm to circumvent this warning.
  warnings.warn(

2026-04-15 12:27:20,147:WARNING:/opt/anaconda3/envs/pycaret_env/lib/python3.10/site-packages/sklearn/ensemble/_weight_boosting.py:519: FutureWarning: The SAMME.R algorithm (the default) is deprecated and will be removed in 1.6. Use the SAMME algorithm to circumvent this warning.
  warnings.warn(

2026-04-15 12:27:20,157:WARNING:/opt/anaconda3/envs/pycaret_env/lib/python3.10/site-packages/sklearn/ensemble/_weight_boosting.py:519: FutureWarning: The SAMME.R algorithm (the default) is deprecated and will be removed in 1.6. Use the SAMME algorithm to circumvent this warning.
  warnings.warn(

2026-04-15 12:27:20,263:WARNING:/opt/anaconda3/envs/pycaret_env/lib/python3.10/site-packages/sklearn/metrics/_classification.py:1561: UserWarning: Note that pos_label (set to 'Osmancik') is ignored when average != 'binary' (got 'weighted'). You may use labels=[pos_label] to specify a single positive class.
  warnings.warn(

2026-04-15 12:27:20,264:WARNING:/opt/anaconda3/envs/pycaret_env/lib/python3.10/site-packages/sklearn/metrics/_classification.py:1561: UserWarning: Note that pos_label (set to 'Osmancik') is ignored when average != 'binary' (got 'weighted'). You may use labels=[pos_label] to specify a single positive class.
  warnings.warn(

2026-04-15 12:27:20,264:WARNING:/opt/anaconda3/envs/pycaret_env/lib/python3.10/site-packages/sklearn/metrics/_classification.py:1561: UserWarning: Note that pos_label (set to 'Osmancik') is ignored when average != 'binary' (got 'weighted'). You may use labels=[pos_label] to specify a single positive class.
  warnings.warn(

2026-04-15 12:27:20,265:WARNING:/opt/anaconda3/envs/pycaret_env/lib/python3.10/site-packages/sklearn/metrics/_classification.py:1561: UserWarning: Note that pos_label (set to 'Osmancik') is ignored when average != 'binary' (got 'weighted'). You may use labels=[pos_label] to specify a single positive class.
  warnings.warn(

2026-04-15 12:27:20,266:WARNING:/opt/anaconda3/envs/pycaret_env/lib/python3.10/site-packages/sklearn/metrics/_classification.py:1561: UserWarning: Note that pos_label (set to 'Osmancik') is ignored when average != 'binary' (got 'weighted'). You may use labels=[pos_label] to specify a single positive class.
  warnings.warn(

2026-04-15 12:27:20,268:WARNING:/opt/anaconda3/envs/pycaret_env/lib/python3.10/site-packages/sklearn/metrics/_classification.py:1561: UserWarning: Note that pos_label (set to 'Osmancik') is ignored when average != 'binary' (got 'weighted'). You may use labels=[pos_label] to specify a single positive class.
  warnings.warn(

2026-04-15 12:27:20,269:WARNING:/opt/anaconda3/envs/pycaret_env/lib/python3.10/site-packages/sklearn/metrics/_classification.py:1561: UserWarning: Note that pos_label (set to 'Osmancik') is ignored when average != 'binary' (got 'weighted'). You may use labels=[pos_label] to specify a single positive class.
  warnings.warn(

2026-04-15 12:27:20,269:WARNING:/opt/anaconda3/envs/pycaret_env/lib/python3.10/site-packages/sklearn/metrics/_classification.py:1561: UserWarning: Note that pos_label (set to 'Osmancik') is ignored when average != 'binary' (got 'weighted'). You may use labels=[pos_label] to specify a single positive class.
  warnings.warn(

2026-04-15 12:27:20,271:WARNING:/opt/anaconda3/envs/pycaret_env/lib/python3.10/site-packages/sklearn/metrics/_classification.py:1561: UserWarning: Note that pos_label (set to 'Osmancik') is ignored when average != 'binary' (got 'weighted'). You may use labels=[pos_label] to specify a single positive class.
  warnings.warn(

2026-04-15 12:27:20,272:WARNING:/opt/anaconda3/envs/pycaret_env/lib/python3.10/site-packages/sklearn/metrics/_classification.py:1561: UserWarning: Note that pos_label (set to 'Osmancik') is ignored when average != 'binary' (got 'weighted'). You may use labels=[pos_label] to specify a single positive class.
  warnings.warn(

2026-04-15 12:27:20,274:WARNING:/opt/anaconda3/envs/pycaret_env/lib/python3.10/site-packages/sklearn/metrics/_classification.py:1561: UserWarning: Note that pos_label (set to 'Osmancik') is ignored when average != 'binary' (got 'weighted'). You may use labels=[pos_label] to specify a single positive class.
  warnings.warn(

2026-04-15 12:27:20,275:WARNING:/opt/anaconda3/envs/pycaret_env/lib/python3.10/site-packages/sklearn/metrics/_classification.py:1561: UserWarning: Note that pos_label (set to 'Osmancik') is ignored when average != 'binary' (got 'weighted'). You may use labels=[pos_label] to specify a single positive class.
  warnings.warn(

2026-04-15 12:27:20,276:WARNING:/opt/anaconda3/envs/pycaret_env/lib/python3.10/site-packages/sklearn/metrics/_classification.py:1561: UserWarning: Note that pos_label (set to 'Osmancik') is ignored when average != 'binary' (got 'weighted'). You may use labels=[pos_label] to specify a single positive class.
  warnings.warn(

2026-04-15 12:27:20,276:WARNING:/opt/anaconda3/envs/pycaret_env/lib/python3.10/site-packages/sklearn/metrics/_classification.py:1561: UserWarning: Note that pos_label (set to 'Osmancik') is ignored when average != 'binary' (got 'weighted'). You may use labels=[pos_label] to specify a single positive class.
  warnings.warn(

2026-04-15 12:27:20,278:WARNING:/opt/anaconda3/envs/pycaret_env/lib/python3.10/site-packages/sklearn/metrics/_classification.py:1561: UserWarning: Note that pos_label (set to 'Osmancik') is ignored when average != 'binary' (got 'weighted'). You may use labels=[pos_label] to specify a single positive class.
  warnings.warn(

2026-04-15 12:27:20,278:WARNING:/opt/anaconda3/envs/pycaret_env/lib/python3.10/site-packages/sklearn/metrics/_classification.py:1561: UserWarning: Note that pos_label (set to 'Osmancik') is ignored when average != 'binary' (got 'weighted'). You may use labels=[pos_label] to specify a single positive class.
  warnings.warn(

2026-04-15 12:27:20,279:WARNING:/opt/anaconda3/envs/pycaret_env/lib/python3.10/site-packages/sklearn/metrics/_classification.py:1561: UserWarning: Note that pos_label (set to 'Osmancik') is ignored when average != 'binary' (got 'weighted'). You may use labels=[pos_label] to specify a single positive class.
  warnings.warn(

2026-04-15 12:27:20,279:WARNING:/opt/anaconda3/envs/pycaret_env/lib/python3.10/site-packages/sklearn/metrics/_classification.py:1561: UserWarning: Note that pos_label (set to 'Osmancik') is ignored when average != 'binary' (got 'weighted'). You may use labels=[pos_label] to specify a single positive class.
  warnings.warn(

2026-04-15 12:27:20,281:WARNING:/opt/anaconda3/envs/pycaret_env/lib/python3.10/site-packages/sklearn/metrics/_classification.py:1561: UserWarning: Note that pos_label (set to 'Osmancik') is ignored when average != 'binary' (got 'weighted'). You may use labels=[pos_label] to specify a single positive class.
  warnings.warn(

2026-04-15 12:27:20,282:WARNING:/opt/anaconda3/envs/pycaret_env/lib/python3.10/site-packages/sklearn/metrics/_classification.py:1561: UserWarning: Note that pos_label (set to 'Osmancik') is ignored when average != 'binary' (got 'weighted'). You may use labels=[pos_label] to specify a single positive class.
  warnings.warn(

2026-04-15 12:27:20,283:WARNING:/opt/anaconda3/envs/pycaret_env/lib/python3.10/site-packages/sklearn/metrics/_classification.py:1561: UserWarning: Note that pos_label (set to 'Osmancik') is ignored when average != 'binary' (got 'weighted'). You may use labels=[pos_label] to specify a single positive class.
  warnings.warn(

2026-04-15 12:27:20,285:WARNING:/opt/anaconda3/envs/pycaret_env/lib/python3.10/site-packages/sklearn/metrics/_classification.py:1561: UserWarning: Note that pos_label (set to 'Osmancik') is ignored when average != 'binary' (got 'weighted'). You may use labels=[pos_label] to specify a single positive class.
  warnings.warn(

2026-04-15 12:27:20,286:WARNING:/opt/anaconda3/envs/pycaret_env/lib/python3.10/site-packages/sklearn/metrics/_classification.py:1561: UserWarning: Note that pos_label (set to 'Osmancik') is ignored when average != 'binary' (got 'weighted'). You may use labels=[pos_label] to specify a single positive class.
  warnings.warn(

2026-04-15 12:27:20,288:WARNING:/opt/anaconda3/envs/pycaret_env/lib/python3.10/site-packages/sklearn/metrics/_classification.py:1561: UserWarning: Note that pos_label (set to 'Osmancik') is ignored when average != 'binary' (got 'weighted'). You may use labels=[pos_label] to specify a single positive class.
  warnings.warn(

2026-04-15 12:27:20,291:WARNING:/opt/anaconda3/envs/pycaret_env/lib/python3.10/site-packages/sklearn/metrics/_classification.py:1561: UserWarning: Note that pos_label (set to 'Osmancik') is ignored when average != 'binary' (got 'weighted'). You may use labels=[pos_label] to specify a single positive class.
  warnings.warn(

2026-04-15 12:27:20,292:WARNING:/opt/anaconda3/envs/pycaret_env/lib/python3.10/site-packages/sklearn/metrics/_classification.py:1561: UserWarning: Note that pos_label (set to 'Osmancik') is ignored when average != 'binary' (got 'weighted'). You may use labels=[pos_label] to specify a single positive class.
  warnings.warn(

2026-04-15 12:27:20,293:WARNING:/opt/anaconda3/envs/pycaret_env/lib/python3.10/site-packages/sklearn/metrics/_classification.py:1561: UserWarning: Note that pos_label (set to 'Osmancik') is ignored when average != 'binary' (got 'weighted'). You may use labels=[pos_label] to specify a single positive class.
  warnings.warn(

2026-04-15 12:27:20,293:WARNING:/opt/anaconda3/envs/pycaret_env/lib/python3.10/site-packages/sklearn/metrics/_classification.py:1561: UserWarning: Note that pos_label (set to 'Osmancik') is ignored when average != 'binary' (got 'weighted'). You may use labels=[pos_label] to specify a single positive class.
  warnings.warn(

2026-04-15 12:27:20,294:WARNING:/opt/anaconda3/envs/pycaret_env/lib/python3.10/site-packages/sklearn/metrics/_classification.py:1561: UserWarning: Note that pos_label (set to 'Osmancik') is ignored when average != 'binary' (got 'weighted'). You may use labels=[pos_label] to specify a single positive class.
  warnings.warn(

2026-04-15 12:27:20,295:WARNING:/opt/anaconda3/envs/pycaret_env/lib/python3.10/site-packages/sklearn/metrics/_classification.py:1561: UserWarning: Note that pos_label (set to 'Osmancik') is ignored when average != 'binary' (got 'weighted'). You may use labels=[pos_label] to specify a single positive class.
  warnings.warn(

2026-04-15 12:27:20,299:INFO:Calculating mean and std
2026-04-15 12:27:20,299:INFO:Creating metrics dataframe
2026-04-15 12:27:20,300:INFO:Uploading results into container
2026-04-15 12:27:20,300:INFO:Uploading model into container now
2026-04-15 12:27:20,300:INFO:_master_model_container: 9
2026-04-15 12:27:20,300:INFO:_display_container: 2
2026-04-15 12:27:20,300:INFO:AdaBoostClassifier(algorithm='SAMME.R', estimator=None, learning_rate=1.0,
                   n_estimators=50, random_state=42)
2026-04-15 12:27:20,300:INFO:create_model() successfully completed......................................
2026-04-15 12:27:20,331:INFO:SubProcess create_model() end ==================================
2026-04-15 12:27:20,331:INFO:Creating metrics dataframe
2026-04-15 12:27:20,332:INFO:Initializing Gradient Boosting Classifier
2026-04-15 12:27:20,332:INFO:Total runtime is 0.061668618520100915 minutes
2026-04-15 12:27:20,332:INFO:SubProcess create_model() called ==================================
2026-04-15 12:27:20,332:INFO:Initializing create_model()
2026-04-15 12:27:20,332:INFO:create_model(self=<pycaret.classification.oop.ClassificationExperiment object at 0x1055cfd90>, estimator=gbc, fold=StratifiedKFold(n_splits=10, random_state=None, shuffle=False), round=4, cross_validation=True, predict=True, fit_kwargs={}, groups=None, refit=False, probability_threshold=None, experiment_custom_tags=None, verbose=False, system=False, add_to_model_list=True, metrics=None, display=<pycaret.internal.display.display.CommonDisplay object at 0x16b37aad0>, model_only=True, return_train_score=False, error_score=0.0, kwargs={})
2026-04-15 12:27:20,332:INFO:Checking exceptions
2026-04-15 12:27:20,332:INFO:Importing libraries
2026-04-15 12:27:20,332:INFO:Copying training dataset
2026-04-15 12:27:20,333:INFO:Defining folds
2026-04-15 12:27:20,333:INFO:Declaring metric variables
2026-04-15 12:27:20,333:INFO:Importing untrained model
2026-04-15 12:27:20,333:INFO:Gradient Boosting Classifier Imported successfully
2026-04-15 12:27:20,333:INFO:Starting cross validation
2026-04-15 12:27:20,334:INFO:Cross validating with StratifiedKFold(n_splits=10, random_state=None, shuffle=False), n_jobs=-1
2026-04-15 12:27:20,767:WARNING:/opt/anaconda3/envs/pycaret_env/lib/python3.10/site-packages/sklearn/metrics/_classification.py:1561: UserWarning: Note that pos_label (set to 'Osmancik') is ignored when average != 'binary' (got 'weighted'). You may use labels=[pos_label] to specify a single positive class.
  warnings.warn(

2026-04-15 12:27:20,768:WARNING:/opt/anaconda3/envs/pycaret_env/lib/python3.10/site-packages/sklearn/metrics/_classification.py:1561: UserWarning: Note that pos_label (set to 'Osmancik') is ignored when average != 'binary' (got 'weighted'). You may use labels=[pos_label] to specify a single positive class.
  warnings.warn(

2026-04-15 12:27:20,769:WARNING:/opt/anaconda3/envs/pycaret_env/lib/python3.10/site-packages/sklearn/metrics/_classification.py:1561: UserWarning: Note that pos_label (set to 'Osmancik') is ignored when average != 'binary' (got 'weighted'). You may use labels=[pos_label] to specify a single positive class.
  warnings.warn(

2026-04-15 12:27:20,836:WARNING:/opt/anaconda3/envs/pycaret_env/lib/python3.10/site-packages/sklearn/metrics/_classification.py:1561: UserWarning: Note that pos_label (set to 'Osmancik') is ignored when average != 'binary' (got 'weighted'). You may use labels=[pos_label] to specify a single positive class.
  warnings.warn(

2026-04-15 12:27:20,839:WARNING:/opt/anaconda3/envs/pycaret_env/lib/python3.10/site-packages/sklearn/metrics/_classification.py:1561: UserWarning: Note that pos_label (set to 'Osmancik') is ignored when average != 'binary' (got 'weighted'). You may use labels=[pos_label] to specify a single positive class.
  warnings.warn(

2026-04-15 12:27:20,842:WARNING:/opt/anaconda3/envs/pycaret_env/lib/python3.10/site-packages/sklearn/metrics/_classification.py:1561: UserWarning: Note that pos_label (set to 'Osmancik') is ignored when average != 'binary' (got 'weighted'). You may use labels=[pos_label] to specify a single positive class.
  warnings.warn(

2026-04-15 12:27:20,847:WARNING:/opt/anaconda3/envs/pycaret_env/lib/python3.10/site-packages/sklearn/metrics/_classification.py:1561: UserWarning: Note that pos_label (set to 'Osmancik') is ignored when average != 'binary' (got 'weighted'). You may use labels=[pos_label] to specify a single positive class.
  warnings.warn(

2026-04-15 12:27:20,848:WARNING:/opt/anaconda3/envs/pycaret_env/lib/python3.10/site-packages/sklearn/metrics/_classification.py:1561: UserWarning: Note that pos_label (set to 'Osmancik') is ignored when average != 'binary' (got 'weighted'). You may use labels=[pos_label] to specify a single positive class.
  warnings.warn(

2026-04-15 12:27:20,849:WARNING:/opt/anaconda3/envs/pycaret_env/lib/python3.10/site-packages/sklearn/metrics/_classification.py:1561: UserWarning: Note that pos_label (set to 'Osmancik') is ignored when average != 'binary' (got 'weighted'). You may use labels=[pos_label] to specify a single positive class.
  warnings.warn(

2026-04-15 12:27:20,851:WARNING:/opt/anaconda3/envs/pycaret_env/lib/python3.10/site-packages/sklearn/metrics/_classification.py:1561: UserWarning: Note that pos_label (set to 'Osmancik') is ignored when average != 'binary' (got 'weighted'). You may use labels=[pos_label] to specify a single positive class.
  warnings.warn(

2026-04-15 12:27:20,853:WARNING:/opt/anaconda3/envs/pycaret_env/lib/python3.10/site-packages/sklearn/metrics/_classification.py:1561: UserWarning: Note that pos_label (set to 'Osmancik') is ignored when average != 'binary' (got 'weighted'). You may use labels=[pos_label] to specify a single positive class.
  warnings.warn(

2026-04-15 12:27:20,855:WARNING:/opt/anaconda3/envs/pycaret_env/lib/python3.10/site-packages/sklearn/metrics/_classification.py:1561: UserWarning: Note that pos_label (set to 'Osmancik') is ignored when average != 'binary' (got 'weighted'). You may use labels=[pos_label] to specify a single positive class.
  warnings.warn(

2026-04-15 12:27:20,858:WARNING:/opt/anaconda3/envs/pycaret_env/lib/python3.10/site-packages/sklearn/metrics/_classification.py:1561: UserWarning: Note that pos_label (set to 'Osmancik') is ignored when average != 'binary' (got 'weighted'). You may use labels=[pos_label] to specify a single positive class.
  warnings.warn(

2026-04-15 12:27:20,858:WARNING:/opt/anaconda3/envs/pycaret_env/lib/python3.10/site-packages/sklearn/metrics/_classification.py:1561: UserWarning: Note that pos_label (set to 'Osmancik') is ignored when average != 'binary' (got 'weighted'). You may use labels=[pos_label] to specify a single positive class.
  warnings.warn(

2026-04-15 12:27:20,859:WARNING:/opt/anaconda3/envs/pycaret_env/lib/python3.10/site-packages/sklearn/metrics/_classification.py:1561: UserWarning: Note that pos_label (set to 'Osmancik') is ignored when average != 'binary' (got 'weighted'). You may use labels=[pos_label] to specify a single positive class.
  warnings.warn(

2026-04-15 12:27:20,861:WARNING:/opt/anaconda3/envs/pycaret_env/lib/python3.10/site-packages/sklearn/metrics/_classification.py:1561: UserWarning: Note that pos_label (set to 'Osmancik') is ignored when average != 'binary' (got 'weighted'). You may use labels=[pos_label] to specify a single positive class.
  warnings.warn(

2026-04-15 12:27:20,861:WARNING:/opt/anaconda3/envs/pycaret_env/lib/python3.10/site-packages/sklearn/metrics/_classification.py:1561: UserWarning: Note that pos_label (set to 'Osmancik') is ignored when average != 'binary' (got 'weighted'). You may use labels=[pos_label] to specify a single positive class.
  warnings.warn(

2026-04-15 12:27:20,863:WARNING:/opt/anaconda3/envs/pycaret_env/lib/python3.10/site-packages/sklearn/metrics/_classification.py:1561: UserWarning: Note that pos_label (set to 'Osmancik') is ignored when average != 'binary' (got 'weighted'). You may use labels=[pos_label] to specify a single positive class.
  warnings.warn(

2026-04-15 12:27:20,864:WARNING:/opt/anaconda3/envs/pycaret_env/lib/python3.10/site-packages/sklearn/metrics/_classification.py:1561: UserWarning: Note that pos_label (set to 'Osmancik') is ignored when average != 'binary' (got 'weighted'). You may use labels=[pos_label] to specify a single positive class.
  warnings.warn(

2026-04-15 12:27:20,865:WARNING:/opt/anaconda3/envs/pycaret_env/lib/python3.10/site-packages/sklearn/metrics/_classification.py:1561: UserWarning: Note that pos_label (set to 'Osmancik') is ignored when average != 'binary' (got 'weighted'). You may use labels=[pos_label] to specify a single positive class.
  warnings.warn(

2026-04-15 12:27:20,866:WARNING:/opt/anaconda3/envs/pycaret_env/lib/python3.10/site-packages/sklearn/metrics/_classification.py:1561: UserWarning: Note that pos_label (set to 'Osmancik') is ignored when average != 'binary' (got 'weighted'). You may use labels=[pos_label] to specify a single positive class.
  warnings.warn(

2026-04-15 12:27:20,872:WARNING:/opt/anaconda3/envs/pycaret_env/lib/python3.10/site-packages/sklearn/metrics/_classification.py:1561: UserWarning: Note that pos_label (set to 'Osmancik') is ignored when average != 'binary' (got 'weighted'). You may use labels=[pos_label] to specify a single positive class.
  warnings.warn(

2026-04-15 12:27:20,873:WARNING:/opt/anaconda3/envs/pycaret_env/lib/python3.10/site-packages/sklearn/metrics/_classification.py:1561: UserWarning: Note that pos_label (set to 'Osmancik') is ignored when average != 'binary' (got 'weighted'). You may use labels=[pos_label] to specify a single positive class.
  warnings.warn(

2026-04-15 12:27:20,874:WARNING:/opt/anaconda3/envs/pycaret_env/lib/python3.10/site-packages/sklearn/metrics/_classification.py:1561: UserWarning: Note that pos_label (set to 'Osmancik') is ignored when average != 'binary' (got 'weighted'). You may use labels=[pos_label] to specify a single positive class.
  warnings.warn(

2026-04-15 12:27:20,875:WARNING:/opt/anaconda3/envs/pycaret_env/lib/python3.10/site-packages/sklearn/metrics/_classification.py:1561: UserWarning: Note that pos_label (set to 'Osmancik') is ignored when average != 'binary' (got 'weighted'). You may use labels=[pos_label] to specify a single positive class.
  warnings.warn(

2026-04-15 12:27:20,876:WARNING:/opt/anaconda3/envs/pycaret_env/lib/python3.10/site-packages/sklearn/metrics/_classification.py:1561: UserWarning: Note that pos_label (set to 'Osmancik') is ignored when average != 'binary' (got 'weighted'). You may use labels=[pos_label] to specify a single positive class.
  warnings.warn(

2026-04-15 12:27:20,877:WARNING:/opt/anaconda3/envs/pycaret_env/lib/python3.10/site-packages/sklearn/metrics/_classification.py:1561: UserWarning: Note that pos_label (set to 'Osmancik') is ignored when average != 'binary' (got 'weighted'). You may use labels=[pos_label] to specify a single positive class.
  warnings.warn(

2026-04-15 12:27:20,883:WARNING:/opt/anaconda3/envs/pycaret_env/lib/python3.10/site-packages/sklearn/metrics/_classification.py:1561: UserWarning: Note that pos_label (set to 'Osmancik') is ignored when average != 'binary' (got 'weighted'). You may use labels=[pos_label] to specify a single positive class.
  warnings.warn(

2026-04-15 12:27:20,884:WARNING:/opt/anaconda3/envs/pycaret_env/lib/python3.10/site-packages/sklearn/metrics/_classification.py:1561: UserWarning: Note that pos_label (set to 'Osmancik') is ignored when average != 'binary' (got 'weighted'). You may use labels=[pos_label] to specify a single positive class.
  warnings.warn(

2026-04-15 12:27:20,885:WARNING:/opt/anaconda3/envs/pycaret_env/lib/python3.10/site-packages/sklearn/metrics/_classification.py:1561: UserWarning: Note that pos_label (set to 'Osmancik') is ignored when average != 'binary' (got 'weighted'). You may use labels=[pos_label] to specify a single positive class.
  warnings.warn(

2026-04-15 12:27:20,891:INFO:Calculating mean and std
2026-04-15 12:27:20,891:INFO:Creating metrics dataframe
2026-04-15 12:27:20,892:INFO:Uploading results into container
2026-04-15 12:27:20,892:INFO:Uploading model into container now
2026-04-15 12:27:20,892:INFO:_master_model_container: 10
2026-04-15 12:27:20,892:INFO:_display_container: 2
2026-04-15 12:27:20,892:INFO:GradientBoostingClassifier(ccp_alpha=0.0, criterion='friedman_mse', init=None,
                           learning_rate=0.1, loss='log_loss', max_depth=3,
                           max_features=None, max_leaf_nodes=None,
                           min_impurity_decrease=0.0, min_samples_leaf=1,
                           min_samples_split=2, min_weight_fraction_leaf=0.0,
                           n_estimators=100, n_iter_no_change=None,
                           random_state=42, subsample=1.0, tol=0.0001,
                           validation_fraction=0.1, verbose=0,
                           warm_start=False)
2026-04-15 12:27:20,892:INFO:create_model() successfully completed......................................
2026-04-15 12:27:20,923:INFO:SubProcess create_model() end ==================================
2026-04-15 12:27:20,923:INFO:Creating metrics dataframe
2026-04-15 12:27:20,924:INFO:Initializing Linear Discriminant Analysis
2026-04-15 12:27:20,924:INFO:Total runtime is 0.0715426524480184 minutes
2026-04-15 12:27:20,924:INFO:SubProcess create_model() called ==================================
2026-04-15 12:27:20,924:INFO:Initializing create_model()
2026-04-15 12:27:20,924:INFO:create_model(self=<pycaret.classification.oop.ClassificationExperiment object at 0x1055cfd90>, estimator=lda, fold=StratifiedKFold(n_splits=10, random_state=None, shuffle=False), round=4, cross_validation=True, predict=True, fit_kwargs={}, groups=None, refit=False, probability_threshold=None, experiment_custom_tags=None, verbose=False, system=False, add_to_model_list=True, metrics=None, display=<pycaret.internal.display.display.CommonDisplay object at 0x16b37aad0>, model_only=True, return_train_score=False, error_score=0.0, kwargs={})
2026-04-15 12:27:20,924:INFO:Checking exceptions
2026-04-15 12:27:20,924:INFO:Importing libraries
2026-04-15 12:27:20,924:INFO:Copying training dataset
2026-04-15 12:27:20,925:INFO:Defining folds
2026-04-15 12:27:20,925:INFO:Declaring metric variables
2026-04-15 12:27:20,925:INFO:Importing untrained model
2026-04-15 12:27:20,925:INFO:Linear Discriminant Analysis Imported successfully
2026-04-15 12:27:20,926:INFO:Starting cross validation
2026-04-15 12:27:20,926:INFO:Cross validating with StratifiedKFold(n_splits=10, random_state=None, shuffle=False), n_jobs=-1
2026-04-15 12:27:20,940:WARNING:/opt/anaconda3/envs/pycaret_env/lib/python3.10/site-packages/sklearn/metrics/_classification.py:1561: UserWarning: Note that pos_label (set to 'Osmancik') is ignored when average != 'binary' (got 'weighted'). You may use labels=[pos_label] to specify a single positive class.
  warnings.warn(

2026-04-15 12:27:20,940:WARNING:/opt/anaconda3/envs/pycaret_env/lib/python3.10/site-packages/sklearn/metrics/_classification.py:1561: UserWarning: Note that pos_label (set to 'Osmancik') is ignored when average != 'binary' (got 'weighted'). You may use labels=[pos_label] to specify a single positive class.
  warnings.warn(

2026-04-15 12:27:20,941:WARNING:/opt/anaconda3/envs/pycaret_env/lib/python3.10/site-packages/sklearn/metrics/_classification.py:1561: UserWarning: Note that pos_label (set to 'Osmancik') is ignored when average != 'binary' (got 'weighted'). You may use labels=[pos_label] to specify a single positive class.
  warnings.warn(

2026-04-15 12:27:20,942:WARNING:/opt/anaconda3/envs/pycaret_env/lib/python3.10/site-packages/sklearn/metrics/_classification.py:1561: UserWarning: Note that pos_label (set to 'Osmancik') is ignored when average != 'binary' (got 'weighted'). You may use labels=[pos_label] to specify a single positive class.
  warnings.warn(

2026-04-15 12:27:20,943:WARNING:/opt/anaconda3/envs/pycaret_env/lib/python3.10/site-packages/sklearn/metrics/_classification.py:1561: UserWarning: Note that pos_label (set to 'Osmancik') is ignored when average != 'binary' (got 'weighted'). You may use labels=[pos_label] to specify a single positive class.
  warnings.warn(

2026-04-15 12:27:20,943:WARNING:/opt/anaconda3/envs/pycaret_env/lib/python3.10/site-packages/sklearn/metrics/_classification.py:1561: UserWarning: Note that pos_label (set to 'Osmancik') is ignored when average != 'binary' (got 'weighted'). You may use labels=[pos_label] to specify a single positive class.
  warnings.warn(

2026-04-15 12:27:20,944:WARNING:/opt/anaconda3/envs/pycaret_env/lib/python3.10/site-packages/sklearn/metrics/_classification.py:1561: UserWarning: Note that pos_label (set to 'Osmancik') is ignored when average != 'binary' (got 'weighted'). You may use labels=[pos_label] to specify a single positive class.
  warnings.warn(

2026-04-15 12:27:20,945:WARNING:/opt/anaconda3/envs/pycaret_env/lib/python3.10/site-packages/sklearn/metrics/_classification.py:1561: UserWarning: Note that pos_label (set to 'Osmancik') is ignored when average != 'binary' (got 'weighted'). You may use labels=[pos_label] to specify a single positive class.
  warnings.warn(

2026-04-15 12:27:20,946:WARNING:/opt/anaconda3/envs/pycaret_env/lib/python3.10/site-packages/sklearn/metrics/_classification.py:1561: UserWarning: Note that pos_label (set to 'Osmancik') is ignored when average != 'binary' (got 'weighted'). You may use labels=[pos_label] to specify a single positive class.
  warnings.warn(

2026-04-15 12:27:20,946:WARNING:/opt/anaconda3/envs/pycaret_env/lib/python3.10/site-packages/sklearn/metrics/_classification.py:1561: UserWarning: Note that pos_label (set to 'Osmancik') is ignored when average != 'binary' (got 'weighted'). You may use labels=[pos_label] to specify a single positive class.
  warnings.warn(

2026-04-15 12:27:20,947:WARNING:/opt/anaconda3/envs/pycaret_env/lib/python3.10/site-packages/sklearn/metrics/_classification.py:1561: UserWarning: Note that pos_label (set to 'Osmancik') is ignored when average != 'binary' (got 'weighted'). You may use labels=[pos_label] to specify a single positive class.
  warnings.warn(

2026-04-15 12:27:20,948:WARNING:/opt/anaconda3/envs/pycaret_env/lib/python3.10/site-packages/sklearn/metrics/_classification.py:1561: UserWarning: Note that pos_label (set to 'Osmancik') is ignored when average != 'binary' (got 'weighted'). You may use labels=[pos_label] to specify a single positive class.
  warnings.warn(

2026-04-15 12:27:20,948:WARNING:/opt/anaconda3/envs/pycaret_env/lib/python3.10/site-packages/sklearn/metrics/_classification.py:1561: UserWarning: Note that pos_label (set to 'Osmancik') is ignored when average != 'binary' (got 'weighted'). You may use labels=[pos_label] to specify a single positive class.
  warnings.warn(

2026-04-15 12:27:20,951:WARNING:/opt/anaconda3/envs/pycaret_env/lib/python3.10/site-packages/sklearn/metrics/_classification.py:1561: UserWarning: Note that pos_label (set to 'Osmancik') is ignored when average != 'binary' (got 'weighted'). You may use labels=[pos_label] to specify a single positive class.
  warnings.warn(

2026-04-15 12:27:20,952:WARNING:/opt/anaconda3/envs/pycaret_env/lib/python3.10/site-packages/sklearn/metrics/_classification.py:1561: UserWarning: Note that pos_label (set to 'Osmancik') is ignored when average != 'binary' (got 'weighted'). You may use labels=[pos_label] to specify a single positive class.
  warnings.warn(

2026-04-15 12:27:20,952:WARNING:/opt/anaconda3/envs/pycaret_env/lib/python3.10/site-packages/sklearn/metrics/_classification.py:1561: UserWarning: Note that pos_label (set to 'Osmancik') is ignored when average != 'binary' (got 'weighted'). You may use labels=[pos_label] to specify a single positive class.
  warnings.warn(

2026-04-15 12:27:20,952:WARNING:/opt/anaconda3/envs/pycaret_env/lib/python3.10/site-packages/sklearn/metrics/_classification.py:1561: UserWarning: Note that pos_label (set to 'Osmancik') is ignored when average != 'binary' (got 'weighted'). You may use labels=[pos_label] to specify a single positive class.
  warnings.warn(

2026-04-15 12:27:20,953:WARNING:/opt/anaconda3/envs/pycaret_env/lib/python3.10/site-packages/sklearn/metrics/_classification.py:1561: UserWarning: Note that pos_label (set to 'Osmancik') is ignored when average != 'binary' (got 'weighted'). You may use labels=[pos_label] to specify a single positive class.
  warnings.warn(

2026-04-15 12:27:20,953:WARNING:/opt/anaconda3/envs/pycaret_env/lib/python3.10/site-packages/sklearn/metrics/_classification.py:1561: UserWarning: Note that pos_label (set to 'Osmancik') is ignored when average != 'binary' (got 'weighted'). You may use labels=[pos_label] to specify a single positive class.
  warnings.warn(

2026-04-15 12:27:20,953:WARNING:/opt/anaconda3/envs/pycaret_env/lib/python3.10/site-packages/sklearn/metrics/_classification.py:1561: UserWarning: Note that pos_label (set to 'Osmancik') is ignored when average != 'binary' (got 'weighted'). You may use labels=[pos_label] to specify a single positive class.
  warnings.warn(

2026-04-15 12:27:20,953:WARNING:/opt/anaconda3/envs/pycaret_env/lib/python3.10/site-packages/sklearn/metrics/_classification.py:1561: UserWarning: Note that pos_label (set to 'Osmancik') is ignored when average != 'binary' (got 'weighted'). You may use labels=[pos_label] to specify a single positive class.
  warnings.warn(

2026-04-15 12:27:20,954:WARNING:/opt/anaconda3/envs/pycaret_env/lib/python3.10/site-packages/sklearn/metrics/_classification.py:1561: UserWarning: Note that pos_label (set to 'Osmancik') is ignored when average != 'binary' (got 'weighted'). You may use labels=[pos_label] to specify a single positive class.
  warnings.warn(

2026-04-15 12:27:20,954:WARNING:/opt/anaconda3/envs/pycaret_env/lib/python3.10/site-packages/sklearn/metrics/_classification.py:1561: UserWarning: Note that pos_label (set to 'Osmancik') is ignored when average != 'binary' (got 'weighted'). You may use labels=[pos_label] to specify a single positive class.
  warnings.warn(

2026-04-15 12:27:20,956:WARNING:/opt/anaconda3/envs/pycaret_env/lib/python3.10/site-packages/sklearn/metrics/_classification.py:1561: UserWarning: Note that pos_label (set to 'Osmancik') is ignored when average != 'binary' (got 'weighted'). You may use labels=[pos_label] to specify a single positive class.
  warnings.warn(

2026-04-15 12:27:20,957:WARNING:/opt/anaconda3/envs/pycaret_env/lib/python3.10/site-packages/sklearn/metrics/_classification.py:1561: UserWarning: Note that pos_label (set to 'Osmancik') is ignored when average != 'binary' (got 'weighted'). You may use labels=[pos_label] to specify a single positive class.
  warnings.warn(

2026-04-15 12:27:20,958:WARNING:/opt/anaconda3/envs/pycaret_env/lib/python3.10/site-packages/sklearn/metrics/_classification.py:1561: UserWarning: Note that pos_label (set to 'Osmancik') is ignored when average != 'binary' (got 'weighted'). You may use labels=[pos_label] to specify a single positive class.
  warnings.warn(

2026-04-15 12:27:20,959:WARNING:/opt/anaconda3/envs/pycaret_env/lib/python3.10/site-packages/sklearn/metrics/_classification.py:1561: UserWarning: Note that pos_label (set to 'Osmancik') is ignored when average != 'binary' (got 'weighted'). You may use labels=[pos_label] to specify a single positive class.
  warnings.warn(

2026-04-15 12:27:20,959:WARNING:/opt/anaconda3/envs/pycaret_env/lib/python3.10/site-packages/sklearn/metrics/_classification.py:1561: UserWarning: Note that pos_label (set to 'Osmancik') is ignored when average != 'binary' (got 'weighted'). You may use labels=[pos_label] to specify a single positive class.
  warnings.warn(

2026-04-15 12:27:20,960:WARNING:/opt/anaconda3/envs/pycaret_env/lib/python3.10/site-packages/sklearn/metrics/_classification.py:1561: UserWarning: Note that pos_label (set to 'Osmancik') is ignored when average != 'binary' (got 'weighted'). You may use labels=[pos_label] to specify a single positive class.
  warnings.warn(

2026-04-15 12:27:20,960:WARNING:/opt/anaconda3/envs/pycaret_env/lib/python3.10/site-packages/sklearn/metrics/_classification.py:1561: UserWarning: Note that pos_label (set to 'Osmancik') is ignored when average != 'binary' (got 'weighted'). You may use labels=[pos_label] to specify a single positive class.
  warnings.warn(

2026-04-15 12:27:20,967:INFO:Calculating mean and std
2026-04-15 12:27:20,968:INFO:Creating metrics dataframe
2026-04-15 12:27:20,968:INFO:Uploading results into container
2026-04-15 12:27:20,968:INFO:Uploading model into container now
2026-04-15 12:27:20,968:INFO:_master_model_container: 11
2026-04-15 12:27:20,968:INFO:_display_container: 2
2026-04-15 12:27:20,968:INFO:LinearDiscriminantAnalysis(covariance_estimator=None, n_components=None,
                           priors=None, shrinkage=None, solver='svd',
                           store_covariance=False, tol=0.0001)
2026-04-15 12:27:20,968:INFO:create_model() successfully completed......................................
2026-04-15 12:27:20,997:INFO:SubProcess create_model() end ==================================
2026-04-15 12:27:20,997:INFO:Creating metrics dataframe
2026-04-15 12:27:20,997:INFO:Initializing Extra Trees Classifier
2026-04-15 12:27:20,997:INFO:Total runtime is 0.07276558478673299 minutes
2026-04-15 12:27:20,997:INFO:SubProcess create_model() called ==================================
2026-04-15 12:27:20,998:INFO:Initializing create_model()
2026-04-15 12:27:20,998:INFO:create_model(self=<pycaret.classification.oop.ClassificationExperiment object at 0x1055cfd90>, estimator=et, fold=StratifiedKFold(n_splits=10, random_state=None, shuffle=False), round=4, cross_validation=True, predict=True, fit_kwargs={}, groups=None, refit=False, probability_threshold=None, experiment_custom_tags=None, verbose=False, system=False, add_to_model_list=True, metrics=None, display=<pycaret.internal.display.display.CommonDisplay object at 0x16b37aad0>, model_only=True, return_train_score=False, error_score=0.0, kwargs={})
2026-04-15 12:27:20,998:INFO:Checking exceptions
2026-04-15 12:27:20,998:INFO:Importing libraries
2026-04-15 12:27:20,998:INFO:Copying training dataset
2026-04-15 12:27:20,999:INFO:Defining folds
2026-04-15 12:27:20,999:INFO:Declaring metric variables
2026-04-15 12:27:20,999:INFO:Importing untrained model
2026-04-15 12:27:20,999:INFO:Extra Trees Classifier Imported successfully
2026-04-15 12:27:20,999:INFO:Starting cross validation
2026-04-15 12:27:20,999:INFO:Cross validating with StratifiedKFold(n_splits=10, random_state=None, shuffle=False), n_jobs=-1
2026-04-15 12:27:21,168:WARNING:/opt/anaconda3/envs/pycaret_env/lib/python3.10/site-packages/sklearn/metrics/_classification.py:1561: UserWarning: Note that pos_label (set to 'Osmancik') is ignored when average != 'binary' (got 'weighted'). You may use labels=[pos_label] to specify a single positive class.
  warnings.warn(

2026-04-15 12:27:21,169:WARNING:/opt/anaconda3/envs/pycaret_env/lib/python3.10/site-packages/sklearn/metrics/_classification.py:1561: UserWarning: Note that pos_label (set to 'Osmancik') is ignored when average != 'binary' (got 'weighted'). You may use labels=[pos_label] to specify a single positive class.
  warnings.warn(

2026-04-15 12:27:21,170:WARNING:/opt/anaconda3/envs/pycaret_env/lib/python3.10/site-packages/sklearn/metrics/_classification.py:1561: UserWarning: Note that pos_label (set to 'Osmancik') is ignored when average != 'binary' (got 'weighted'). You may use labels=[pos_label] to specify a single positive class.
  warnings.warn(

2026-04-15 12:27:21,170:WARNING:/opt/anaconda3/envs/pycaret_env/lib/python3.10/site-packages/sklearn/metrics/_classification.py:1561: UserWarning: Note that pos_label (set to 'Osmancik') is ignored when average != 'binary' (got 'weighted'). You may use labels=[pos_label] to specify a single positive class.
  warnings.warn(

2026-04-15 12:27:21,170:WARNING:/opt/anaconda3/envs/pycaret_env/lib/python3.10/site-packages/sklearn/metrics/_classification.py:1561: UserWarning: Note that pos_label (set to 'Osmancik') is ignored when average != 'binary' (got 'weighted'). You may use labels=[pos_label] to specify a single positive class.
  warnings.warn(

2026-04-15 12:27:21,171:WARNING:/opt/anaconda3/envs/pycaret_env/lib/python3.10/site-packages/sklearn/metrics/_classification.py:1561: UserWarning: Note that pos_label (set to 'Osmancik') is ignored when average != 'binary' (got 'weighted'). You may use labels=[pos_label] to specify a single positive class.
  warnings.warn(

2026-04-15 12:27:21,171:WARNING:/opt/anaconda3/envs/pycaret_env/lib/python3.10/site-packages/sklearn/metrics/_classification.py:1561: UserWarning: Note that pos_label (set to 'Osmancik') is ignored when average != 'binary' (got 'weighted'). You may use labels=[pos_label] to specify a single positive class.
  warnings.warn(

2026-04-15 12:27:21,172:WARNING:/opt/anaconda3/envs/pycaret_env/lib/python3.10/site-packages/sklearn/metrics/_classification.py:1561: UserWarning: Note that pos_label (set to 'Osmancik') is ignored when average != 'binary' (got 'weighted'). You may use labels=[pos_label] to specify a single positive class.
  warnings.warn(

2026-04-15 12:27:21,172:WARNING:/opt/anaconda3/envs/pycaret_env/lib/python3.10/site-packages/sklearn/metrics/_classification.py:1561: UserWarning: Note that pos_label (set to 'Osmancik') is ignored when average != 'binary' (got 'weighted'). You may use labels=[pos_label] to specify a single positive class.
  warnings.warn(

2026-04-15 12:27:21,172:WARNING:/opt/anaconda3/envs/pycaret_env/lib/python3.10/site-packages/sklearn/metrics/_classification.py:1561: UserWarning: Note that pos_label (set to 'Osmancik') is ignored when average != 'binary' (got 'weighted'). You may use labels=[pos_label] to specify a single positive class.
  warnings.warn(

2026-04-15 12:27:21,172:WARNING:/opt/anaconda3/envs/pycaret_env/lib/python3.10/site-packages/sklearn/metrics/_classification.py:1561: UserWarning: Note that pos_label (set to 'Osmancik') is ignored when average != 'binary' (got 'weighted'). You may use labels=[pos_label] to specify a single positive class.
  warnings.warn(

2026-04-15 12:27:21,173:WARNING:/opt/anaconda3/envs/pycaret_env/lib/python3.10/site-packages/sklearn/metrics/_classification.py:1561: UserWarning: Note that pos_label (set to 'Osmancik') is ignored when average != 'binary' (got 'weighted'). You may use labels=[pos_label] to specify a single positive class.
  warnings.warn(

2026-04-15 12:27:21,173:WARNING:/opt/anaconda3/envs/pycaret_env/lib/python3.10/site-packages/sklearn/metrics/_classification.py:1561: UserWarning: Note that pos_label (set to 'Osmancik') is ignored when average != 'binary' (got 'weighted'). You may use labels=[pos_label] to specify a single positive class.
  warnings.warn(

2026-04-15 12:27:21,174:WARNING:/opt/anaconda3/envs/pycaret_env/lib/python3.10/site-packages/sklearn/metrics/_classification.py:1561: UserWarning: Note that pos_label (set to 'Osmancik') is ignored when average != 'binary' (got 'weighted'). You may use labels=[pos_label] to specify a single positive class.
  warnings.warn(

2026-04-15 12:27:21,176:WARNING:/opt/anaconda3/envs/pycaret_env/lib/python3.10/site-packages/sklearn/metrics/_classification.py:1561: UserWarning: Note that pos_label (set to 'Osmancik') is ignored when average != 'binary' (got 'weighted'). You may use labels=[pos_label] to specify a single positive class.
  warnings.warn(

2026-04-15 12:27:21,184:WARNING:/opt/anaconda3/envs/pycaret_env/lib/python3.10/site-packages/sklearn/metrics/_classification.py:1561: UserWarning: Note that pos_label (set to 'Osmancik') is ignored when average != 'binary' (got 'weighted'). You may use labels=[pos_label] to specify a single positive class.
  warnings.warn(

2026-04-15 12:27:21,186:WARNING:/opt/anaconda3/envs/pycaret_env/lib/python3.10/site-packages/sklearn/metrics/_classification.py:1561: UserWarning: Note that pos_label (set to 'Osmancik') is ignored when average != 'binary' (got 'weighted'). You may use labels=[pos_label] to specify a single positive class.
  warnings.warn(

2026-04-15 12:27:21,188:WARNING:/opt/anaconda3/envs/pycaret_env/lib/python3.10/site-packages/sklearn/metrics/_classification.py:1561: UserWarning: Note that pos_label (set to 'Osmancik') is ignored when average != 'binary' (got 'weighted'). You may use labels=[pos_label] to specify a single positive class.
  warnings.warn(

2026-04-15 12:27:21,192:WARNING:/opt/anaconda3/envs/pycaret_env/lib/python3.10/site-packages/sklearn/metrics/_classification.py:1561: UserWarning: Note that pos_label (set to 'Osmancik') is ignored when average != 'binary' (got 'weighted'). You may use labels=[pos_label] to specify a single positive class.
  warnings.warn(

2026-04-15 12:27:21,193:WARNING:/opt/anaconda3/envs/pycaret_env/lib/python3.10/site-packages/sklearn/metrics/_classification.py:1561: UserWarning: Note that pos_label (set to 'Osmancik') is ignored when average != 'binary' (got 'weighted'). You may use labels=[pos_label] to specify a single positive class.
  warnings.warn(

2026-04-15 12:27:21,195:WARNING:/opt/anaconda3/envs/pycaret_env/lib/python3.10/site-packages/sklearn/metrics/_classification.py:1561: UserWarning: Note that pos_label (set to 'Osmancik') is ignored when average != 'binary' (got 'weighted'). You may use labels=[pos_label] to specify a single positive class.
  warnings.warn(

2026-04-15 12:27:21,196:WARNING:/opt/anaconda3/envs/pycaret_env/lib/python3.10/site-packages/sklearn/metrics/_classification.py:1561: UserWarning: Note that pos_label (set to 'Osmancik') is ignored when average != 'binary' (got 'weighted'). You may use labels=[pos_label] to specify a single positive class.
  warnings.warn(

2026-04-15 12:27:21,196:WARNING:/opt/anaconda3/envs/pycaret_env/lib/python3.10/site-packages/sklearn/metrics/_classification.py:1561: UserWarning: Note that pos_label (set to 'Osmancik') is ignored when average != 'binary' (got 'weighted'). You may use labels=[pos_label] to specify a single positive class.
  warnings.warn(

2026-04-15 12:27:21,198:WARNING:/opt/anaconda3/envs/pycaret_env/lib/python3.10/site-packages/sklearn/metrics/_classification.py:1561: UserWarning: Note that pos_label (set to 'Osmancik') is ignored when average != 'binary' (got 'weighted'). You may use labels=[pos_label] to specify a single positive class.
  warnings.warn(

2026-04-15 12:27:21,198:WARNING:/opt/anaconda3/envs/pycaret_env/lib/python3.10/site-packages/sklearn/metrics/_classification.py:1561: UserWarning: Note that pos_label (set to 'Osmancik') is ignored when average != 'binary' (got 'weighted'). You may use labels=[pos_label] to specify a single positive class.
  warnings.warn(

2026-04-15 12:27:21,199:WARNING:/opt/anaconda3/envs/pycaret_env/lib/python3.10/site-packages/sklearn/metrics/_classification.py:1561: UserWarning: Note that pos_label (set to 'Osmancik') is ignored when average != 'binary' (got 'weighted'). You may use labels=[pos_label] to specify a single positive class.
  warnings.warn(

2026-04-15 12:27:21,199:WARNING:/opt/anaconda3/envs/pycaret_env/lib/python3.10/site-packages/sklearn/metrics/_classification.py:1561: UserWarning: Note that pos_label (set to 'Osmancik') is ignored when average != 'binary' (got 'weighted'). You may use labels=[pos_label] to specify a single positive class.
  warnings.warn(

2026-04-15 12:27:21,202:WARNING:/opt/anaconda3/envs/pycaret_env/lib/python3.10/site-packages/sklearn/metrics/_classification.py:1561: UserWarning: Note that pos_label (set to 'Osmancik') is ignored when average != 'binary' (got 'weighted'). You may use labels=[pos_label] to specify a single positive class.
  warnings.warn(

2026-04-15 12:27:21,204:WARNING:/opt/anaconda3/envs/pycaret_env/lib/python3.10/site-packages/sklearn/metrics/_classification.py:1561: UserWarning: Note that pos_label (set to 'Osmancik') is ignored when average != 'binary' (got 'weighted'). You may use labels=[pos_label] to specify a single positive class.
  warnings.warn(

2026-04-15 12:27:21,205:WARNING:/opt/anaconda3/envs/pycaret_env/lib/python3.10/site-packages/sklearn/metrics/_classification.py:1561: UserWarning: Note that pos_label (set to 'Osmancik') is ignored when average != 'binary' (got 'weighted'). You may use labels=[pos_label] to specify a single positive class.
  warnings.warn(

2026-04-15 12:27:21,214:INFO:Calculating mean and std
2026-04-15 12:27:21,214:INFO:Creating metrics dataframe
2026-04-15 12:27:21,215:INFO:Uploading results into container
2026-04-15 12:27:21,215:INFO:Uploading model into container now
2026-04-15 12:27:21,215:INFO:_master_model_container: 12
2026-04-15 12:27:21,215:INFO:_display_container: 2
2026-04-15 12:27:21,215:INFO:ExtraTreesClassifier(bootstrap=False, ccp_alpha=0.0, class_weight=None,
                     criterion='gini', max_depth=None, max_features='sqrt',
                     max_leaf_nodes=None, max_samples=None,
                     min_impurity_decrease=0.0, min_samples_leaf=1,
                     min_samples_split=2, min_weight_fraction_leaf=0.0,
                     monotonic_cst=None, n_estimators=100, n_jobs=-1,
                     oob_score=False, random_state=42, verbose=0,
                     warm_start=False)
2026-04-15 12:27:21,215:INFO:create_model() successfully completed......................................
2026-04-15 12:27:21,244:INFO:SubProcess create_model() end ==================================
2026-04-15 12:27:21,244:INFO:Creating metrics dataframe
2026-04-15 12:27:21,245:INFO:Initializing Light Gradient Boosting Machine
2026-04-15 12:27:21,245:INFO:Total runtime is 0.0768903374671936 minutes
2026-04-15 12:27:21,245:INFO:SubProcess create_model() called ==================================
2026-04-15 12:27:21,245:INFO:Initializing create_model()
2026-04-15 12:27:21,245:INFO:create_model(self=<pycaret.classification.oop.ClassificationExperiment object at 0x1055cfd90>, estimator=lightgbm, fold=StratifiedKFold(n_splits=10, random_state=None, shuffle=False), round=4, cross_validation=True, predict=True, fit_kwargs={}, groups=None, refit=False, probability_threshold=None, experiment_custom_tags=None, verbose=False, system=False, add_to_model_list=True, metrics=None, display=<pycaret.internal.display.display.CommonDisplay object at 0x16b37aad0>, model_only=True, return_train_score=False, error_score=0.0, kwargs={})
2026-04-15 12:27:21,245:INFO:Checking exceptions
2026-04-15 12:27:21,245:INFO:Importing libraries
2026-04-15 12:27:21,245:INFO:Copying training dataset
2026-04-15 12:27:21,246:INFO:Defining folds
2026-04-15 12:27:21,246:INFO:Declaring metric variables
2026-04-15 12:27:21,246:INFO:Importing untrained model
2026-04-15 12:27:21,247:INFO:Light Gradient Boosting Machine Imported successfully
2026-04-15 12:27:21,247:INFO:Starting cross validation
2026-04-15 12:27:21,247:INFO:Cross validating with StratifiedKFold(n_splits=10, random_state=None, shuffle=False), n_jobs=-1
2026-04-15 12:27:23,601:WARNING:/opt/anaconda3/envs/pycaret_env/lib/python3.10/site-packages/sklearn/metrics/_classification.py:1561: UserWarning: Note that pos_label (set to 'Osmancik') is ignored when average != 'binary' (got 'weighted'). You may use labels=[pos_label] to specify a single positive class.
  warnings.warn(

2026-04-15 12:27:23,602:WARNING:/opt/anaconda3/envs/pycaret_env/lib/python3.10/site-packages/sklearn/metrics/_classification.py:1561: UserWarning: Note that pos_label (set to 'Osmancik') is ignored when average != 'binary' (got 'weighted'). You may use labels=[pos_label] to specify a single positive class.
  warnings.warn(

2026-04-15 12:27:23,603:WARNING:/opt/anaconda3/envs/pycaret_env/lib/python3.10/site-packages/sklearn/metrics/_classification.py:1561: UserWarning: Note that pos_label (set to 'Osmancik') is ignored when average != 'binary' (got 'weighted'). You may use labels=[pos_label] to specify a single positive class.
  warnings.warn(

2026-04-15 12:27:23,676:WARNING:/opt/anaconda3/envs/pycaret_env/lib/python3.10/site-packages/sklearn/metrics/_classification.py:1561: UserWarning: Note that pos_label (set to 'Osmancik') is ignored when average != 'binary' (got 'weighted'). You may use labels=[pos_label] to specify a single positive class.
  warnings.warn(

2026-04-15 12:27:23,677:WARNING:/opt/anaconda3/envs/pycaret_env/lib/python3.10/site-packages/sklearn/metrics/_classification.py:1561: UserWarning: Note that pos_label (set to 'Osmancik') is ignored when average != 'binary' (got 'weighted'). You may use labels=[pos_label] to specify a single positive class.
  warnings.warn(

2026-04-15 12:27:23,679:WARNING:/opt/anaconda3/envs/pycaret_env/lib/python3.10/site-packages/sklearn/metrics/_classification.py:1561: UserWarning: Note that pos_label (set to 'Osmancik') is ignored when average != 'binary' (got 'weighted'). You may use labels=[pos_label] to specify a single positive class.
  warnings.warn(

2026-04-15 12:27:23,681:WARNING:/opt/anaconda3/envs/pycaret_env/lib/python3.10/site-packages/sklearn/metrics/_classification.py:1561: UserWarning: Note that pos_label (set to 'Osmancik') is ignored when average != 'binary' (got 'weighted'). You may use labels=[pos_label] to specify a single positive class.
  warnings.warn(

2026-04-15 12:27:23,683:WARNING:/opt/anaconda3/envs/pycaret_env/lib/python3.10/site-packages/sklearn/metrics/_classification.py:1561: UserWarning: Note that pos_label (set to 'Osmancik') is ignored when average != 'binary' (got 'weighted'). You may use labels=[pos_label] to specify a single positive class.
  warnings.warn(

2026-04-15 12:27:23,683:WARNING:/opt/anaconda3/envs/pycaret_env/lib/python3.10/site-packages/sklearn/metrics/_classification.py:1561: UserWarning: Note that pos_label (set to 'Osmancik') is ignored when average != 'binary' (got 'weighted'). You may use labels=[pos_label] to specify a single positive class.
  warnings.warn(

2026-04-15 12:27:23,684:WARNING:/opt/anaconda3/envs/pycaret_env/lib/python3.10/site-packages/sklearn/metrics/_classification.py:1561: UserWarning: Note that pos_label (set to 'Osmancik') is ignored when average != 'binary' (got 'weighted'). You may use labels=[pos_label] to specify a single positive class.
  warnings.warn(

2026-04-15 12:27:23,684:WARNING:/opt/anaconda3/envs/pycaret_env/lib/python3.10/site-packages/sklearn/metrics/_classification.py:1561: UserWarning: Note that pos_label (set to 'Osmancik') is ignored when average != 'binary' (got 'weighted'). You may use labels=[pos_label] to specify a single positive class.
  warnings.warn(

2026-04-15 12:27:23,686:WARNING:/opt/anaconda3/envs/pycaret_env/lib/python3.10/site-packages/sklearn/metrics/_classification.py:1561: UserWarning: Note that pos_label (set to 'Osmancik') is ignored when average != 'binary' (got 'weighted'). You may use labels=[pos_label] to specify a single positive class.
  warnings.warn(

2026-04-15 12:27:23,700:WARNING:/opt/anaconda3/envs/pycaret_env/lib/python3.10/site-packages/sklearn/metrics/_classification.py:1561: UserWarning: Note that pos_label (set to 'Osmancik') is ignored when average != 'binary' (got 'weighted'). You may use labels=[pos_label] to specify a single positive class.
  warnings.warn(

2026-04-15 12:27:23,701:WARNING:/opt/anaconda3/envs/pycaret_env/lib/python3.10/site-packages/sklearn/metrics/_classification.py:1561: UserWarning: Note that pos_label (set to 'Osmancik') is ignored when average != 'binary' (got 'weighted'). You may use labels=[pos_label] to specify a single positive class.
  warnings.warn(

2026-04-15 12:27:23,702:WARNING:/opt/anaconda3/envs/pycaret_env/lib/python3.10/site-packages/sklearn/metrics/_classification.py:1561: UserWarning: Note that pos_label (set to 'Osmancik') is ignored when average != 'binary' (got 'weighted'). You may use labels=[pos_label] to specify a single positive class.
  warnings.warn(

2026-04-15 12:27:23,707:WARNING:/opt/anaconda3/envs/pycaret_env/lib/python3.10/site-packages/sklearn/metrics/_classification.py:1561: UserWarning: Note that pos_label (set to 'Osmancik') is ignored when average != 'binary' (got 'weighted'). You may use labels=[pos_label] to specify a single positive class.
  warnings.warn(

2026-04-15 12:27:23,708:WARNING:/opt/anaconda3/envs/pycaret_env/lib/python3.10/site-packages/sklearn/metrics/_classification.py:1561: UserWarning: Note that pos_label (set to 'Osmancik') is ignored when average != 'binary' (got 'weighted'). You may use labels=[pos_label] to specify a single positive class.
  warnings.warn(

2026-04-15 12:27:23,709:WARNING:/opt/anaconda3/envs/pycaret_env/lib/python3.10/site-packages/sklearn/metrics/_classification.py:1561: UserWarning: Note that pos_label (set to 'Osmancik') is ignored when average != 'binary' (got 'weighted'). You may use labels=[pos_label] to specify a single positive class.
  warnings.warn(

2026-04-15 12:27:23,710:WARNING:/opt/anaconda3/envs/pycaret_env/lib/python3.10/site-packages/sklearn/metrics/_classification.py:1561: UserWarning: Note that pos_label (set to 'Osmancik') is ignored when average != 'binary' (got 'weighted'). You may use labels=[pos_label] to specify a single positive class.
  warnings.warn(

2026-04-15 12:27:23,710:WARNING:/opt/anaconda3/envs/pycaret_env/lib/python3.10/site-packages/sklearn/metrics/_classification.py:1561: UserWarning: Note that pos_label (set to 'Osmancik') is ignored when average != 'binary' (got 'weighted'). You may use labels=[pos_label] to specify a single positive class.
  warnings.warn(

2026-04-15 12:27:23,711:WARNING:/opt/anaconda3/envs/pycaret_env/lib/python3.10/site-packages/sklearn/metrics/_classification.py:1561: UserWarning: Note that pos_label (set to 'Osmancik') is ignored when average != 'binary' (got 'weighted'). You may use labels=[pos_label] to specify a single positive class.
  warnings.warn(

2026-04-15 12:27:23,712:WARNING:/opt/anaconda3/envs/pycaret_env/lib/python3.10/site-packages/sklearn/metrics/_classification.py:1561: UserWarning: Note that pos_label (set to 'Osmancik') is ignored when average != 'binary' (got 'weighted'). You may use labels=[pos_label] to specify a single positive class.
  warnings.warn(

2026-04-15 12:27:23,712:WARNING:/opt/anaconda3/envs/pycaret_env/lib/python3.10/site-packages/sklearn/metrics/_classification.py:1561: UserWarning: Note that pos_label (set to 'Osmancik') is ignored when average != 'binary' (got 'weighted'). You may use labels=[pos_label] to specify a single positive class.
  warnings.warn(

2026-04-15 12:27:23,713:WARNING:/opt/anaconda3/envs/pycaret_env/lib/python3.10/site-packages/sklearn/metrics/_classification.py:1561: UserWarning: Note that pos_label (set to 'Osmancik') is ignored when average != 'binary' (got 'weighted'). You may use labels=[pos_label] to specify a single positive class.
  warnings.warn(

2026-04-15 12:27:23,727:WARNING:/opt/anaconda3/envs/pycaret_env/lib/python3.10/site-packages/sklearn/metrics/_classification.py:1561: UserWarning: Note that pos_label (set to 'Osmancik') is ignored when average != 'binary' (got 'weighted'). You may use labels=[pos_label] to specify a single positive class.
  warnings.warn(

2026-04-15 12:27:23,729:WARNING:/opt/anaconda3/envs/pycaret_env/lib/python3.10/site-packages/sklearn/metrics/_classification.py:1561: UserWarning: Note that pos_label (set to 'Osmancik') is ignored when average != 'binary' (got 'weighted'). You may use labels=[pos_label] to specify a single positive class.
  warnings.warn(

2026-04-15 12:27:23,730:WARNING:/opt/anaconda3/envs/pycaret_env/lib/python3.10/site-packages/sklearn/metrics/_classification.py:1561: UserWarning: Note that pos_label (set to 'Osmancik') is ignored when average != 'binary' (got 'weighted'). You may use labels=[pos_label] to specify a single positive class.
  warnings.warn(

2026-04-15 12:27:23,730:WARNING:/opt/anaconda3/envs/pycaret_env/lib/python3.10/site-packages/sklearn/metrics/_classification.py:1561: UserWarning: Note that pos_label (set to 'Osmancik') is ignored when average != 'binary' (got 'weighted'). You may use labels=[pos_label] to specify a single positive class.
  warnings.warn(

2026-04-15 12:27:23,732:WARNING:/opt/anaconda3/envs/pycaret_env/lib/python3.10/site-packages/sklearn/metrics/_classification.py:1561: UserWarning: Note that pos_label (set to 'Osmancik') is ignored when average != 'binary' (got 'weighted'). You may use labels=[pos_label] to specify a single positive class.
  warnings.warn(

2026-04-15 12:27:23,733:WARNING:/opt/anaconda3/envs/pycaret_env/lib/python3.10/site-packages/sklearn/metrics/_classification.py:1561: UserWarning: Note that pos_label (set to 'Osmancik') is ignored when average != 'binary' (got 'weighted'). You may use labels=[pos_label] to specify a single positive class.
  warnings.warn(

2026-04-15 12:27:23,739:INFO:Calculating mean and std
2026-04-15 12:27:23,739:INFO:Creating metrics dataframe
2026-04-15 12:27:23,740:INFO:Uploading results into container
2026-04-15 12:27:23,740:INFO:Uploading model into container now
2026-04-15 12:27:23,740:INFO:_master_model_container: 13
2026-04-15 12:27:23,740:INFO:_display_container: 2
2026-04-15 12:27:23,740:INFO:LGBMClassifier(boosting_type='gbdt', class_weight=None, colsample_bytree=1.0,
               importance_type='split', learning_rate=0.1, max_depth=-1,
               min_child_samples=20, min_child_weight=0.001, min_split_gain=0.0,
               n_estimators=100, n_jobs=-1, num_leaves=31, objective=None,
               random_state=42, reg_alpha=0.0, reg_lambda=0.0, subsample=1.0,
               subsample_for_bin=200000, subsample_freq=0)
2026-04-15 12:27:23,740:INFO:create_model() successfully completed......................................
2026-04-15 12:27:23,772:INFO:SubProcess create_model() end ==================================
2026-04-15 12:27:23,772:INFO:Creating metrics dataframe
2026-04-15 12:27:23,773:INFO:Initializing Dummy Classifier
2026-04-15 12:27:23,773:INFO:Total runtime is 0.11902525027592978 minutes
2026-04-15 12:27:23,773:INFO:SubProcess create_model() called ==================================
2026-04-15 12:27:23,773:INFO:Initializing create_model()
2026-04-15 12:27:23,773:INFO:create_model(self=<pycaret.classification.oop.ClassificationExperiment object at 0x1055cfd90>, estimator=dummy, fold=StratifiedKFold(n_splits=10, random_state=None, shuffle=False), round=4, cross_validation=True, predict=True, fit_kwargs={}, groups=None, refit=False, probability_threshold=None, experiment_custom_tags=None, verbose=False, system=False, add_to_model_list=True, metrics=None, display=<pycaret.internal.display.display.CommonDisplay object at 0x16b37aad0>, model_only=True, return_train_score=False, error_score=0.0, kwargs={})
2026-04-15 12:27:23,773:INFO:Checking exceptions
2026-04-15 12:27:23,773:INFO:Importing libraries
2026-04-15 12:27:23,773:INFO:Copying training dataset
2026-04-15 12:27:23,774:INFO:Defining folds
2026-04-15 12:27:23,774:INFO:Declaring metric variables
2026-04-15 12:27:23,774:INFO:Importing untrained model
2026-04-15 12:27:23,774:INFO:Dummy Classifier Imported successfully
2026-04-15 12:27:23,775:INFO:Starting cross validation
2026-04-15 12:27:23,775:INFO:Cross validating with StratifiedKFold(n_splits=10, random_state=None, shuffle=False), n_jobs=-1
2026-04-15 12:27:23,786:WARNING:/opt/anaconda3/envs/pycaret_env/lib/python3.10/site-packages/sklearn/metrics/_classification.py:1561: UserWarning: Note that pos_label (set to 'Osmancik') is ignored when average != 'binary' (got 'weighted'). You may use labels=[pos_label] to specify a single positive class.
  warnings.warn(

2026-04-15 12:27:23,787:WARNING:/opt/anaconda3/envs/pycaret_env/lib/python3.10/site-packages/sklearn/metrics/_classification.py:1561: UserWarning: Note that pos_label (set to 'Osmancik') is ignored when average != 'binary' (got 'weighted'). You may use labels=[pos_label] to specify a single positive class.
  warnings.warn(

2026-04-15 12:27:23,788:WARNING:/opt/anaconda3/envs/pycaret_env/lib/python3.10/site-packages/sklearn/metrics/_classification.py:1509: UndefinedMetricWarning: Precision is ill-defined and being set to 0.0 in labels with no predicted samples. Use `zero_division` parameter to control this behavior.
  _warn_prf(average, modifier, f"{metric.capitalize()} is", len(result))

2026-04-15 12:27:23,788:WARNING:/opt/anaconda3/envs/pycaret_env/lib/python3.10/site-packages/sklearn/metrics/_classification.py:1561: UserWarning: Note that pos_label (set to 'Osmancik') is ignored when average != 'binary' (got 'weighted'). You may use labels=[pos_label] to specify a single positive class.
  warnings.warn(

2026-04-15 12:27:23,789:WARNING:/opt/anaconda3/envs/pycaret_env/lib/python3.10/site-packages/sklearn/metrics/_classification.py:1561: UserWarning: Note that pos_label (set to 'Osmancik') is ignored when average != 'binary' (got 'weighted'). You may use labels=[pos_label] to specify a single positive class.
  warnings.warn(

2026-04-15 12:27:23,791:WARNING:/opt/anaconda3/envs/pycaret_env/lib/python3.10/site-packages/sklearn/metrics/_classification.py:1561: UserWarning: Note that pos_label (set to 'Osmancik') is ignored when average != 'binary' (got 'weighted'). You may use labels=[pos_label] to specify a single positive class.
  warnings.warn(

2026-04-15 12:27:23,791:WARNING:/opt/anaconda3/envs/pycaret_env/lib/python3.10/site-packages/sklearn/metrics/_classification.py:1509: UndefinedMetricWarning: Precision is ill-defined and being set to 0.0 in labels with no predicted samples. Use `zero_division` parameter to control this behavior.
  _warn_prf(average, modifier, f"{metric.capitalize()} is", len(result))

2026-04-15 12:27:23,792:WARNING:/opt/anaconda3/envs/pycaret_env/lib/python3.10/site-packages/sklearn/metrics/_classification.py:1561: UserWarning: Note that pos_label (set to 'Osmancik') is ignored when average != 'binary' (got 'weighted'). You may use labels=[pos_label] to specify a single positive class.
  warnings.warn(

2026-04-15 12:27:23,792:WARNING:/opt/anaconda3/envs/pycaret_env/lib/python3.10/site-packages/sklearn/metrics/_classification.py:1561: UserWarning: Note that pos_label (set to 'Osmancik') is ignored when average != 'binary' (got 'weighted'). You may use labels=[pos_label] to specify a single positive class.
  warnings.warn(

2026-04-15 12:27:23,793:WARNING:/opt/anaconda3/envs/pycaret_env/lib/python3.10/site-packages/sklearn/metrics/_classification.py:1561: UserWarning: Note that pos_label (set to 'Osmancik') is ignored when average != 'binary' (got 'weighted'). You may use labels=[pos_label] to specify a single positive class.
  warnings.warn(

2026-04-15 12:27:23,794:WARNING:/opt/anaconda3/envs/pycaret_env/lib/python3.10/site-packages/sklearn/metrics/_classification.py:1561: UserWarning: Note that pos_label (set to 'Osmancik') is ignored when average != 'binary' (got 'weighted'). You may use labels=[pos_label] to specify a single positive class.
  warnings.warn(

2026-04-15 12:27:23,794:WARNING:/opt/anaconda3/envs/pycaret_env/lib/python3.10/site-packages/sklearn/metrics/_classification.py:1509: UndefinedMetricWarning: Precision is ill-defined and being set to 0.0 in labels with no predicted samples. Use `zero_division` parameter to control this behavior.
  _warn_prf(average, modifier, f"{metric.capitalize()} is", len(result))

2026-04-15 12:27:23,795:WARNING:/opt/anaconda3/envs/pycaret_env/lib/python3.10/site-packages/sklearn/metrics/_classification.py:1561: UserWarning: Note that pos_label (set to 'Osmancik') is ignored when average != 'binary' (got 'weighted'). You may use labels=[pos_label] to specify a single positive class.
  warnings.warn(

2026-04-15 12:27:23,795:WARNING:/opt/anaconda3/envs/pycaret_env/lib/python3.10/site-packages/sklearn/metrics/_classification.py:1561: UserWarning: Note that pos_label (set to 'Osmancik') is ignored when average != 'binary' (got 'weighted'). You may use labels=[pos_label] to specify a single positive class.
  warnings.warn(

2026-04-15 12:27:23,796:WARNING:/opt/anaconda3/envs/pycaret_env/lib/python3.10/site-packages/sklearn/metrics/_classification.py:1509: UndefinedMetricWarning: Precision is ill-defined and being set to 0.0 in labels with no predicted samples. Use `zero_division` parameter to control this behavior.
  _warn_prf(average, modifier, f"{metric.capitalize()} is", len(result))

2026-04-15 12:27:23,796:WARNING:/opt/anaconda3/envs/pycaret_env/lib/python3.10/site-packages/sklearn/metrics/_classification.py:1561: UserWarning: Note that pos_label (set to 'Osmancik') is ignored when average != 'binary' (got 'weighted'). You may use labels=[pos_label] to specify a single positive class.
  warnings.warn(

2026-04-15 12:27:23,797:WARNING:/opt/anaconda3/envs/pycaret_env/lib/python3.10/site-packages/sklearn/metrics/_classification.py:1561: UserWarning: Note that pos_label (set to 'Osmancik') is ignored when average != 'binary' (got 'weighted'). You may use labels=[pos_label] to specify a single positive class.
  warnings.warn(

2026-04-15 12:27:23,798:WARNING:/opt/anaconda3/envs/pycaret_env/lib/python3.10/site-packages/sklearn/metrics/_classification.py:1561: UserWarning: Note that pos_label (set to 'Osmancik') is ignored when average != 'binary' (got 'weighted'). You may use labels=[pos_label] to specify a single positive class.
  warnings.warn(

2026-04-15 12:27:23,799:WARNING:/opt/anaconda3/envs/pycaret_env/lib/python3.10/site-packages/sklearn/metrics/_classification.py:1509: UndefinedMetricWarning: Precision is ill-defined and being set to 0.0 in labels with no predicted samples. Use `zero_division` parameter to control this behavior.
  _warn_prf(average, modifier, f"{metric.capitalize()} is", len(result))

2026-04-15 12:27:23,799:WARNING:/opt/anaconda3/envs/pycaret_env/lib/python3.10/site-packages/sklearn/metrics/_classification.py:1561: UserWarning: Note that pos_label (set to 'Osmancik') is ignored when average != 'binary' (got 'weighted'). You may use labels=[pos_label] to specify a single positive class.
  warnings.warn(

2026-04-15 12:27:23,799:WARNING:/opt/anaconda3/envs/pycaret_env/lib/python3.10/site-packages/sklearn/metrics/_classification.py:1561: UserWarning: Note that pos_label (set to 'Osmancik') is ignored when average != 'binary' (got 'weighted'). You may use labels=[pos_label] to specify a single positive class.
  warnings.warn(

2026-04-15 12:27:23,801:WARNING:/opt/anaconda3/envs/pycaret_env/lib/python3.10/site-packages/sklearn/metrics/_classification.py:1561: UserWarning: Note that pos_label (set to 'Osmancik') is ignored when average != 'binary' (got 'weighted'). You may use labels=[pos_label] to specify a single positive class.
  warnings.warn(

2026-04-15 12:27:23,801:WARNING:/opt/anaconda3/envs/pycaret_env/lib/python3.10/site-packages/sklearn/metrics/_classification.py:1509: UndefinedMetricWarning: Precision is ill-defined and being set to 0.0 in labels with no predicted samples. Use `zero_division` parameter to control this behavior.
  _warn_prf(average, modifier, f"{metric.capitalize()} is", len(result))

2026-04-15 12:27:23,802:WARNING:/opt/anaconda3/envs/pycaret_env/lib/python3.10/site-packages/sklearn/metrics/_classification.py:1561: UserWarning: Note that pos_label (set to 'Osmancik') is ignored when average != 'binary' (got 'weighted'). You may use labels=[pos_label] to specify a single positive class.
  warnings.warn(

2026-04-15 12:27:23,802:WARNING:/opt/anaconda3/envs/pycaret_env/lib/python3.10/site-packages/sklearn/metrics/_classification.py:1561: UserWarning: Note that pos_label (set to 'Osmancik') is ignored when average != 'binary' (got 'weighted'). You may use labels=[pos_label] to specify a single positive class.
  warnings.warn(

2026-04-15 12:27:23,803:WARNING:/opt/anaconda3/envs/pycaret_env/lib/python3.10/site-packages/sklearn/metrics/_classification.py:1561: UserWarning: Note that pos_label (set to 'Osmancik') is ignored when average != 'binary' (got 'weighted'). You may use labels=[pos_label] to specify a single positive class.
  warnings.warn(

2026-04-15 12:27:23,804:WARNING:/opt/anaconda3/envs/pycaret_env/lib/python3.10/site-packages/sklearn/metrics/_classification.py:1561: UserWarning: Note that pos_label (set to 'Osmancik') is ignored when average != 'binary' (got 'weighted'). You may use labels=[pos_label] to specify a single positive class.
  warnings.warn(

2026-04-15 12:27:23,805:WARNING:/opt/anaconda3/envs/pycaret_env/lib/python3.10/site-packages/sklearn/metrics/_classification.py:1561: UserWarning: Note that pos_label (set to 'Osmancik') is ignored when average != 'binary' (got 'weighted'). You may use labels=[pos_label] to specify a single positive class.
  warnings.warn(

2026-04-15 12:27:23,805:WARNING:/opt/anaconda3/envs/pycaret_env/lib/python3.10/site-packages/sklearn/metrics/_classification.py:1509: UndefinedMetricWarning: Precision is ill-defined and being set to 0.0 in labels with no predicted samples. Use `zero_division` parameter to control this behavior.
  _warn_prf(average, modifier, f"{metric.capitalize()} is", len(result))

2026-04-15 12:27:23,805:WARNING:/opt/anaconda3/envs/pycaret_env/lib/python3.10/site-packages/sklearn/metrics/_classification.py:1561: UserWarning: Note that pos_label (set to 'Osmancik') is ignored when average != 'binary' (got 'weighted'). You may use labels=[pos_label] to specify a single positive class.
  warnings.warn(

2026-04-15 12:27:23,805:WARNING:/opt/anaconda3/envs/pycaret_env/lib/python3.10/site-packages/sklearn/metrics/_classification.py:1561: UserWarning: Note that pos_label (set to 'Osmancik') is ignored when average != 'binary' (got 'weighted'). You may use labels=[pos_label] to specify a single positive class.
  warnings.warn(

2026-04-15 12:27:23,805:WARNING:/opt/anaconda3/envs/pycaret_env/lib/python3.10/site-packages/sklearn/metrics/_classification.py:1561: UserWarning: Note that pos_label (set to 'Osmancik') is ignored when average != 'binary' (got 'weighted'). You may use labels=[pos_label] to specify a single positive class.
  warnings.warn(

2026-04-15 12:27:23,805:WARNING:/opt/anaconda3/envs/pycaret_env/lib/python3.10/site-packages/sklearn/metrics/_classification.py:1509: UndefinedMetricWarning: Precision is ill-defined and being set to 0.0 in labels with no predicted samples. Use `zero_division` parameter to control this behavior.
  _warn_prf(average, modifier, f"{metric.capitalize()} is", len(result))

2026-04-15 12:27:23,806:WARNING:/opt/anaconda3/envs/pycaret_env/lib/python3.10/site-packages/sklearn/metrics/_classification.py:1561: UserWarning: Note that pos_label (set to 'Osmancik') is ignored when average != 'binary' (got 'weighted'). You may use labels=[pos_label] to specify a single positive class.
  warnings.warn(

2026-04-15 12:27:23,806:WARNING:/opt/anaconda3/envs/pycaret_env/lib/python3.10/site-packages/sklearn/metrics/_classification.py:1561: UserWarning: Note that pos_label (set to 'Osmancik') is ignored when average != 'binary' (got 'weighted'). You may use labels=[pos_label] to specify a single positive class.
  warnings.warn(

2026-04-15 12:27:23,806:WARNING:/opt/anaconda3/envs/pycaret_env/lib/python3.10/site-packages/sklearn/metrics/_classification.py:1509: UndefinedMetricWarning: Precision is ill-defined and being set to 0.0 in labels with no predicted samples. Use `zero_division` parameter to control this behavior.
  _warn_prf(average, modifier, f"{metric.capitalize()} is", len(result))

2026-04-15 12:27:23,806:WARNING:/opt/anaconda3/envs/pycaret_env/lib/python3.10/site-packages/sklearn/metrics/_classification.py:1561: UserWarning: Note that pos_label (set to 'Osmancik') is ignored when average != 'binary' (got 'weighted'). You may use labels=[pos_label] to specify a single positive class.
  warnings.warn(

2026-04-15 12:27:23,807:WARNING:/opt/anaconda3/envs/pycaret_env/lib/python3.10/site-packages/sklearn/metrics/_classification.py:1561: UserWarning: Note that pos_label (set to 'Osmancik') is ignored when average != 'binary' (got 'weighted'). You may use labels=[pos_label] to specify a single positive class.
  warnings.warn(

2026-04-15 12:27:23,807:WARNING:/opt/anaconda3/envs/pycaret_env/lib/python3.10/site-packages/sklearn/metrics/_classification.py:1509: UndefinedMetricWarning: Precision is ill-defined and being set to 0.0 in labels with no predicted samples. Use `zero_division` parameter to control this behavior.
  _warn_prf(average, modifier, f"{metric.capitalize()} is", len(result))

2026-04-15 12:27:23,808:WARNING:/opt/anaconda3/envs/pycaret_env/lib/python3.10/site-packages/sklearn/metrics/_classification.py:1561: UserWarning: Note that pos_label (set to 'Osmancik') is ignored when average != 'binary' (got 'weighted'). You may use labels=[pos_label] to specify a single positive class.
  warnings.warn(

2026-04-15 12:27:23,815:INFO:Calculating mean and std
2026-04-15 12:27:23,815:INFO:Creating metrics dataframe
2026-04-15 12:27:23,815:INFO:Uploading results into container
2026-04-15 12:27:23,815:INFO:Uploading model into container now
2026-04-15 12:27:23,815:INFO:_master_model_container: 14
2026-04-15 12:27:23,816:INFO:_display_container: 2
2026-04-15 12:27:23,816:INFO:DummyClassifier(constant=None, random_state=42, strategy='prior')
2026-04-15 12:27:23,816:INFO:create_model() successfully completed......................................
2026-04-15 12:27:23,845:INFO:SubProcess create_model() end ==================================
2026-04-15 12:27:23,845:INFO:Creating metrics dataframe
2026-04-15 12:27:23,847:WARNING:/opt/anaconda3/envs/pycaret_env/lib/python3.10/site-packages/pycaret/internal/pycaret_experiment/supervised_experiment.py:323: FutureWarning: Styler.applymap has been deprecated. Use Styler.map instead.
  master_display_.apply(

2026-04-15 12:27:23,848:INFO:Initializing create_model()
2026-04-15 12:27:23,848:INFO:create_model(self=<pycaret.classification.oop.ClassificationExperiment object at 0x1055cfd90>, estimator=LinearDiscriminantAnalysis(covariance_estimator=None, n_components=None,
                           priors=None, shrinkage=None, solver='svd',
                           store_covariance=False, tol=0.0001), fold=StratifiedKFold(n_splits=10, random_state=None, shuffle=False), round=4, cross_validation=False, predict=False, fit_kwargs={}, groups=None, refit=True, probability_threshold=None, experiment_custom_tags=None, verbose=False, system=False, add_to_model_list=True, metrics=None, display=None, model_only=True, return_train_score=False, error_score=0.0, kwargs={})
2026-04-15 12:27:23,848:INFO:Checking exceptions
2026-04-15 12:27:23,848:INFO:Importing libraries
2026-04-15 12:27:23,848:INFO:Copying training dataset
2026-04-15 12:27:23,849:INFO:Defining folds
2026-04-15 12:27:23,849:INFO:Declaring metric variables
2026-04-15 12:27:23,849:INFO:Importing untrained model
2026-04-15 12:27:23,849:INFO:Declaring custom model
2026-04-15 12:27:23,849:INFO:Linear Discriminant Analysis Imported successfully
2026-04-15 12:27:23,849:INFO:Cross validation set to False
2026-04-15 12:27:23,849:INFO:Fitting Model
2026-04-15 12:27:23,856:INFO:LinearDiscriminantAnalysis(covariance_estimator=None, n_components=None,
                           priors=None, shrinkage=None, solver='svd',
                           store_covariance=False, tol=0.0001)
2026-04-15 12:27:23,857:INFO:create_model() successfully completed......................................
2026-04-15 12:27:23,909:INFO:Initializing create_model()
2026-04-15 12:27:23,909:INFO:create_model(self=<pycaret.classification.oop.ClassificationExperiment object at 0x1055cfd90>, estimator=RidgeClassifier(alpha=1.0, class_weight=None, copy_X=True, fit_intercept=True,
                max_iter=None, positive=False, random_state=42, solver='auto',
                tol=0.0001), fold=StratifiedKFold(n_splits=10, random_state=None, shuffle=False), round=4, cross_validation=False, predict=False, fit_kwargs={}, groups=None, refit=True, probability_threshold=None, experiment_custom_tags=None, verbose=False, system=False, add_to_model_list=True, metrics=None, display=None, model_only=True, return_train_score=False, error_score=0.0, kwargs={})
2026-04-15 12:27:23,909:INFO:Checking exceptions
2026-04-15 12:27:23,909:INFO:Importing libraries
2026-04-15 12:27:23,909:INFO:Copying training dataset
2026-04-15 12:27:23,910:INFO:Defining folds
2026-04-15 12:27:23,910:INFO:Declaring metric variables
2026-04-15 12:27:23,910:INFO:Importing untrained model
2026-04-15 12:27:23,910:INFO:Declaring custom model
2026-04-15 12:27:23,911:INFO:Ridge Classifier Imported successfully
2026-04-15 12:27:23,911:INFO:Cross validation set to False
2026-04-15 12:27:23,911:INFO:Fitting Model
2026-04-15 12:27:23,944:INFO:RidgeClassifier(alpha=1.0, class_weight=None, copy_X=True, fit_intercept=True,
                max_iter=None, positive=False, random_state=42, solver='auto',
                tol=0.0001)
2026-04-15 12:27:23,944:INFO:create_model() successfully completed......................................
2026-04-15 12:27:24,120:INFO:Initializing create_model()
2026-04-15 12:27:24,121:INFO:create_model(self=<pycaret.classification.oop.ClassificationExperiment object at 0x1055cfd90>, estimator=LogisticRegression(C=1.0, class_weight=None, dual=False, fit_intercept=True,
                   intercept_scaling=1, l1_ratio=None, max_iter=1000,
                   multi_class='auto', n_jobs=None, penalty='l2',
                   random_state=42, solver='lbfgs', tol=0.0001, verbose=0,
                   warm_start=False), fold=StratifiedKFold(n_splits=10, random_state=None, shuffle=False), round=4, cross_validation=False, predict=False, fit_kwargs={}, groups=None, refit=True, probability_threshold=None, experiment_custom_tags=None, verbose=False, system=False, add_to_model_list=True, metrics=None, display=None, model_only=True, return_train_score=False, error_score=0.0, kwargs={})
2026-04-15 12:27:24,121:INFO:Checking exceptions
2026-04-15 12:27:24,122:INFO:Importing libraries
2026-04-15 12:27:24,122:INFO:Copying training dataset
2026-04-15 12:27:24,125:INFO:Defining folds
2026-04-15 12:27:24,125:INFO:Declaring metric variables
2026-04-15 12:27:24,125:INFO:Importing untrained model
2026-04-15 12:27:24,125:INFO:Declaring custom model
2026-04-15 12:27:24,125:INFO:Logistic Regression Imported successfully
2026-04-15 12:27:24,126:INFO:Cross validation set to False
2026-04-15 12:27:24,126:INFO:Fitting Model
2026-04-15 12:27:24,148:INFO:LogisticRegression(C=1.0, class_weight=None, dual=False, fit_intercept=True,
                   intercept_scaling=1, l1_ratio=None, max_iter=1000,
                   multi_class='auto', n_jobs=None, penalty='l2',
                   random_state=42, solver='lbfgs', tol=0.0001, verbose=0,
                   warm_start=False)
2026-04-15 12:27:24,148:INFO:create_model() successfully completed......................................
2026-04-15 12:27:24,200:INFO:_master_model_container: 14
2026-04-15 12:27:24,200:INFO:_display_container: 2
2026-04-15 12:27:24,200:INFO:[LinearDiscriminantAnalysis(covariance_estimator=None, n_components=None,
                           priors=None, shrinkage=None, solver='svd',
                           store_covariance=False, tol=0.0001), RidgeClassifier(alpha=1.0, class_weight=None, copy_X=True, fit_intercept=True,
                max_iter=None, positive=False, random_state=42, solver='auto',
                tol=0.0001), LogisticRegression(C=1.0, class_weight=None, dual=False, fit_intercept=True,
                   intercept_scaling=1, l1_ratio=None, max_iter=1000,
                   multi_class='auto', n_jobs=None, penalty='l2',
                   random_state=42, solver='lbfgs', tol=0.0001, verbose=0,
                   warm_start=False)]
2026-04-15 12:27:24,200:INFO:compare_models() successfully completed......................................
2026-04-15 12:27:24,201:INFO:Initializing plot_model()
2026-04-15 12:27:24,201:INFO:plot_model(plot=confusion_matrix, fold=None, verbose=True, display=None, display_format=None, estimator=LinearDiscriminantAnalysis(covariance_estimator=None, n_components=None,
                           priors=None, shrinkage=None, solver='svd',
                           store_covariance=False, tol=0.0001), feature_name=None, fit_kwargs=None, groups=None, label=False, plot_kwargs=None, save=True, scale=1, self=<pycaret.classification.oop.ClassificationExperiment object at 0x1055cfd90>, system=True)
2026-04-15 12:27:24,201:INFO:Checking exceptions
2026-04-15 12:27:24,202:INFO:Preloading libraries
2026-04-15 12:27:24,203:INFO:Copying training dataset
2026-04-15 12:27:24,203:INFO:Plot type: confusion_matrix
2026-04-15 12:27:24,578:INFO:Fitting Model
2026-04-15 12:27:24,578:WARNING:/opt/anaconda3/envs/pycaret_env/lib/python3.10/site-packages/sklearn/base.py:493: UserWarning: X does not have valid feature names, but LinearDiscriminantAnalysis was fitted with feature names
  warnings.warn(

2026-04-15 12:27:24,579:INFO:Scoring test/hold-out set
2026-04-15 12:27:24,586:INFO:Saving 'Confusion Matrix.png'
2026-04-15 12:27:24,706:INFO:Visual Rendered Successfully
2026-04-15 12:27:24,737:INFO:plot_model() successfully completed......................................
2026-04-15 12:27:24,738:INFO:Initializing finalize_model()
2026-04-15 12:27:24,738:INFO:finalize_model(self=<pycaret.classification.oop.ClassificationExperiment object at 0x1055cfd90>, estimator=LinearDiscriminantAnalysis(covariance_estimator=None, n_components=None,
                           priors=None, shrinkage=None, solver='svd',
                           store_covariance=False, tol=0.0001), fit_kwargs=None, groups=None, model_only=False, experiment_custom_tags=None)
2026-04-15 12:27:24,738:INFO:Finalizing LinearDiscriminantAnalysis(covariance_estimator=None, n_components=None,
                           priors=None, shrinkage=None, solver='svd',
                           store_covariance=False, tol=0.0001)
2026-04-15 12:27:24,739:INFO:Initializing create_model()
2026-04-15 12:27:24,739:INFO:create_model(self=<pycaret.classification.oop.ClassificationExperiment object at 0x1055cfd90>, estimator=LinearDiscriminantAnalysis(covariance_estimator=None, n_components=None,
                           priors=None, shrinkage=None, solver='svd',
                           store_covariance=False, tol=0.0001), fold=None, round=4, cross_validation=False, predict=False, fit_kwargs={}, groups=None, refit=True, probability_threshold=None, experiment_custom_tags=None, verbose=False, system=False, add_to_model_list=False, metrics=None, display=None, model_only=False, return_train_score=False, error_score=0.0, kwargs={})
2026-04-15 12:27:24,739:INFO:Checking exceptions
2026-04-15 12:27:24,739:INFO:Importing libraries
2026-04-15 12:27:24,739:INFO:Copying training dataset
2026-04-15 12:27:24,739:INFO:Defining folds
2026-04-15 12:27:24,739:INFO:Declaring metric variables
2026-04-15 12:27:24,739:INFO:Importing untrained model
2026-04-15 12:27:24,739:INFO:Declaring custom model
2026-04-15 12:27:24,739:INFO:Linear Discriminant Analysis Imported successfully
2026-04-15 12:27:24,739:INFO:Cross validation set to False
2026-04-15 12:27:24,739:INFO:Fitting Model
2026-04-15 12:27:24,746:INFO:Pipeline(memory=Memory(location=None),
         steps=[('label_encoding',
                 TransformerWrapperWithInverse(exclude=None, include=None,
                                               transformer=LabelEncoder())),
                ('numerical_imputer',
                 TransformerWrapper(exclude=None,
                                    include=['Area', 'Perimeter',
                                             'Major_Axis_Length',
                                             'Minor_Axis_Length',
                                             'Eccentricity', 'Convex_Area',
                                             'Extent'],
                                    transformer=SimpleImputer(add_indicator=Fa...
                                                              missing_values=nan,
                                                              strategy='most_frequent'))),
                ('normalize',
                 TransformerWrapper(exclude=None, include=None,
                                    transformer=StandardScaler(copy=True,
                                                               with_mean=True,
                                                               with_std=True))),
                ('actual_estimator',
                 LinearDiscriminantAnalysis(covariance_estimator=None,
                                            n_components=None, priors=None,
                                            shrinkage=None, solver='svd',
                                            store_covariance=False,
                                            tol=0.0001))],
         verbose=False)
2026-04-15 12:27:24,746:INFO:create_model() successfully completed......................................
2026-04-15 12:27:24,776:INFO:_master_model_container: 14
2026-04-15 12:27:24,776:INFO:_display_container: 2
2026-04-15 12:27:24,777:INFO:Pipeline(memory=Memory(location=None),
         steps=[('label_encoding',
                 TransformerWrapperWithInverse(exclude=None, include=None,
                                               transformer=LabelEncoder())),
                ('numerical_imputer',
                 TransformerWrapper(exclude=None,
                                    include=['Area', 'Perimeter',
                                             'Major_Axis_Length',
                                             'Minor_Axis_Length',
                                             'Eccentricity', 'Convex_Area',
                                             'Extent'],
                                    transformer=SimpleImputer(add_indicator=Fa...
                                                              missing_values=nan,
                                                              strategy='most_frequent'))),
                ('normalize',
                 TransformerWrapper(exclude=None, include=None,
                                    transformer=StandardScaler(copy=True,
                                                               with_mean=True,
                                                               with_std=True))),
                ('actual_estimator',
                 LinearDiscriminantAnalysis(covariance_estimator=None,
                                            n_components=None, priors=None,
                                            shrinkage=None, solver='svd',
                                            store_covariance=False,
                                            tol=0.0001))],
         verbose=False)
2026-04-15 12:27:24,777:INFO:finalize_model() successfully completed......................................
2026-04-15 12:27:24,806:INFO:Initializing save_model()
2026-04-15 12:27:24,806:INFO:save_model(model=Pipeline(memory=Memory(location=None),
         steps=[('label_encoding',
                 TransformerWrapperWithInverse(exclude=None, include=None,
                                               transformer=LabelEncoder())),
                ('numerical_imputer',
                 TransformerWrapper(exclude=None,
                                    include=['Area', 'Perimeter',
                                             'Major_Axis_Length',
                                             'Minor_Axis_Length',
                                             'Eccentricity', 'Convex_Area',
                                             'Extent'],
                                    transformer=SimpleImputer(add_indicator=Fa...
                                                              missing_values=nan,
                                                              strategy='most_frequent'))),
                ('normalize',
                 TransformerWrapper(exclude=None, include=None,
                                    transformer=StandardScaler(copy=True,
                                                               with_mean=True,
                                                               with_std=True))),
                ('actual_estimator',
                 LinearDiscriminantAnalysis(covariance_estimator=None,
                                            n_components=None, priors=None,
                                            shrinkage=None, solver='svd',
                                            store_covariance=False,
                                            tol=0.0001))],
         verbose=False), model_name=best_pipeline, prep_pipe_=Pipeline(memory=FastMemory(location=/var/folders/t9/7lcm_l_d42nc54j6616cw0ww0000gn/T/joblib),
         steps=[('label_encoding',
                 TransformerWrapperWithInverse(exclude=None, include=None,
                                               transformer=LabelEncoder())),
                ('numerical_imputer',
                 TransformerWrapper(exclude=None,
                                    include=['Area', 'Perimeter',
                                             'Major_Axis_Length',
                                             'Minor_Axis_Length',
                                             'Eccentricity', 'Convex_Are...
                ('categorical_imputer',
                 TransformerWrapper(exclude=None, include=[],
                                    transformer=SimpleImputer(add_indicator=False,
                                                              copy=True,
                                                              fill_value=None,
                                                              keep_empty_features=False,
                                                              missing_values=nan,
                                                              strategy='most_frequent'))),
                ('normalize',
                 TransformerWrapper(exclude=None, include=None,
                                    transformer=StandardScaler(copy=True,
                                                               with_mean=True,
                                                               with_std=True)))],
         verbose=False), verbose=True, use_case=MLUsecase.CLASSIFICATION, kwargs={})
2026-04-15 12:27:24,806:INFO:Adding model into prep_pipe
2026-04-15 12:27:24,806:WARNING:Only Model saved as it was a pipeline.
2026-04-15 12:27:24,808:INFO:best_pipeline.pkl saved in current working directory
2026-04-15 12:27:24,809:INFO:Pipeline(memory=Memory(location=None),
         steps=[('label_encoding',
                 TransformerWrapperWithInverse(exclude=None, include=None,
                                               transformer=LabelEncoder())),
                ('numerical_imputer',
                 TransformerWrapper(exclude=None,
                                    include=['Area', 'Perimeter',
                                             'Major_Axis_Length',
                                             'Minor_Axis_Length',
                                             'Eccentricity', 'Convex_Area',
                                             'Extent'],
                                    transformer=SimpleImputer(add_indicator=Fa...
                                                              missing_values=nan,
                                                              strategy='most_frequent'))),
                ('normalize',
                 TransformerWrapper(exclude=None, include=None,
                                    transformer=StandardScaler(copy=True,
                                                               with_mean=True,
                                                               with_std=True))),
                ('actual_estimator',
                 LinearDiscriminantAnalysis(covariance_estimator=None,
                                            n_components=None, priors=None,
                                            shrinkage=None, solver='svd',
                                            store_covariance=False,
                                            tol=0.0001))],
         verbose=False)
2026-04-15 12:27:24,809:INFO:save_model() successfully completed......................................
2026-04-15 12:29:36,732:WARNING:
'cuml' is a soft dependency and not included in the pycaret installation. Please run: `pip install cuml` to install.
2026-04-15 12:29:36,732:WARNING:
'cuml' is a soft dependency and not included in the pycaret installation. Please run: `pip install cuml` to install.
2026-04-15 12:29:36,732:WARNING:
'cuml' is a soft dependency and not included in the pycaret installation. Please run: `pip install cuml` to install.
2026-04-15 12:29:36,732:WARNING:
'cuml' is a soft dependency and not included in the pycaret installation. Please run: `pip install cuml` to install.
2026-04-15 12:29:37,182:INFO:Initializing load_model()
2026-04-15 12:29:37,182:INFO:load_model(model_name=best_pipeline, platform=None, authentication=None, verbose=True)
2026-04-15 12:29:37,184:WARNING:/opt/anaconda3/envs/pycaret_env/lib/python3.10/site-packages/_distutils_hack/__init__.py:30: UserWarning: Setuptools is replacing distutils. Support for replacing an already imported distutils is deprecated. In the future, this condition will fail. Register concerns at https://github.com/pypa/setuptools/issues/new?template=distutils-deprecation.yml
  warnings.warn(

2026-04-15 12:32:42,472:INFO:Initializing predict_model()
2026-04-15 12:32:42,472:INFO:predict_model(self=<pycaret.classification.oop.ClassificationExperiment object at 0x3147ba680>, estimator=Pipeline(memory=Memory(location=None),
         steps=[('label_encoding',
                 TransformerWrapperWithInverse(transformer=LabelEncoder())),
                ('numerical_imputer',
                 TransformerWrapper(include=['Area', 'Perimeter',
                                             'Major_Axis_Length',
                                             'Minor_Axis_Length',
                                             'Eccentricity', 'Convex_Area',
                                             'Extent'],
                                    transformer=SimpleImputer())),
                ('categorical_imputer',
                 TransformerWrapper(include=[],
                                    transformer=SimpleImputer(strategy='most_frequent'))),
                ('normalize', TransformerWrapper(transformer=StandardScaler())),
                ('actual_estimator', LinearDiscriminantAnalysis())]), probability_threshold=None, encoded_labels=False, raw_score=False, round=4, verbose=True, ml_usecase=None, preprocess=True, encode_labels=<function _SupervisedExperiment.predict_model.<locals>.encode_labels at 0x314779c60>)
2026-04-15 12:32:42,472:INFO:Checking exceptions
2026-04-15 12:32:42,472:INFO:Preloading libraries
2026-04-15 12:32:42,472:INFO:Set up data.
2026-04-15 12:32:42,476:INFO:Set up index.
